Class,Size,Ties,Pairs,Density,AvgDist,Diameter,nWeakComp,pWeakComp,2StepReach,ReachEffic,Broker,nBroker,EgoBetween,nEgoBetween,Size2,Ties2,Pairs2,Density2,AvgDist2,Diameter2,nWeakComp2,pWeakComp2,2StepReach2,ReachEffic2,Broker2,nBroker2,EgoBetween2,nEgoBetween2,Size3,Ties3,Pairs3,Density3,AvgDist3,Diameter3,nWeakComp3,pWeakComp3,2StepReach3,ReachEffic3,Broker3,nBroker3,EgoBetween3,nEgoBetween3,Degree,NrmDegree,Share,OutDegree,InDegree,NrmOutDeg,NrmInDeg,Clus Coef,nPairs,Eigenvec,nEigenvec,Power,Normalized Power,inFarness,outFarness,inCloseness,outCloseness,OutdwReach,IndwReach,nOutdwReach,nIndwReach,Betweenness,nBetweenness,Betweenness2,EffSize,Efficiency,Constraint,Hierarchy,Indirects,name, version,name,wmc,dit,noc,cbo,rfc,lcom,ca,ce,npm,lcom3,loc,dam,moa,mfa,cam,ic,cbm,amc,max_cc,avg_cc,bug,bug_2
java\org\apache\lucene\analysis\WhitespaceAnalyzer.java,1,0,0,,0,0,1,100,1.672241,100,0,,0,,0,0,0,0,0,0,0,0,0,0,0,0,0,0,1,0,0,,0,0,1,100,1.672241,100,0,,0,,1,0.334448,0.000388,1,0,0.334448,0,,0,0.000004,0.000591,3.945595,0.758073,89700,88509,0.333333,0.337819,3.166667,1,0.010556,0.003333,0,0,0,1,1,1,1,0,lucene,2,org.apache.lucene.analysis.WhitespaceAnalyzer,2,2,0,3,4,1,0,3,2,2,10,0,0,0.666666667,0.666666667,0,0,4,1,0.5,0,0
java\org\apache\lucene\search\QueryTermVector.java,4,2,12,16.666666,,,2,50,10.033444,62.5,5,0.416667,3,25,0,0,0,0,0,0,0,0,0,0,0,0,0,0,3,2,6,33.333332,,,1,33.333332,9.698997,61.702129,2,0.333333,0,0,4,1.337793,0.001553,3,1,1.003345,0.334448,0.166667,6,0.002123,0.300203,5.933223,1.139958,89401,88803,0.334448,0.3367,4,2,0.013333,0.006667,3,0.003367,0.637124,3,0.75,0.283258,0.002969,0.063348,lucene,2,org.apache.lucene.search.QueryTermVector,10,1,0,4,37,0,0,4,9,0.388888889,278,1,0,0,0.34,0,0,26.6,5,1.6,0,0
java\org\apache\lucene\analysis\PorterStemmer.java,1,0,0,,0,0,1,100,1.003345,100,0,,0,,0,0,0,0,0,0,0,0,0,0,0,0,0,0,0,0,0,0,0,0,0,0,0,0,0,0,0,0,1,0.334448,0.000388,0,1,0,0.334448,,0,0.000021,0.002978,0.00003,0.000006,89401,89700,0.334448,0.333333,1,2,0.003333,0.006667,0,0,0,1,1,1,1,0,lucene,2,org.apache.lucene.analysis.PorterStemmer,27,1,0,1,43,13,1,0,13,0.600961538,1174,1,0,0,0.25308642,0,0,42.18518519,26,5.7407,0,0
java\org\apache\lucene\analysis\TokenStream.java,17,23,272,8.455882,,,1,5.882353,23.411371,54.6875,124.5,0.457721,5,1.838235,0,0,0,0,0,0,0,0,0,0,0,0,0,0,1,0,0,,0,0,1,100,5.685619,100,0,,0,,17,5.685619,0.006599,1,16,0.334448,5.351171,0.084559,136,0.010148,1.435106,0.990877,0.190379,60836,89401,0.491485,0.334448,2,47.999977,0.006667,0.16,47.666668,0.053497,3.777484,14.294118,0.84083,0.148227,0.151011,0.441919,lucene,2,org.apache.lucene.analysis.TokenStream,3,1,2,19,4,3,18,1,3,2,7,0,0,0,1,0,0,1.333333333,1,0.6667,1,1
java\org\apache\lucene\search\ExactPhraseScorer.java,4,3,12,25,,,1,25,14.715719,80,4.5,0.375,0,0,0,0,0,0,0,0,0,0,0,0,0,0,0,0,4,3,12,25,,,1,25,14.715719,80,4.5,0.375,0,0,4,1.337793,0.001553,4,0,1.337793,0,0.25,6,0.003881,0.548827,9.585071,1.841593,89700,79322,0.333333,0.376945,14.266665,1,0.047556,0.003333,0,0,0.196241,2.625,0.65625,0.364384,0.017423,0.200231,lucene,2,org.apache.lucene.search.ExactPhraseScorer,2,3,0,8,8,1,2,6,0,2,61,0,0,0.952380952,0.583333333,1,1,29.5,1,0.5,1,1
java\org\apache\lucene\search\RangeFilter.java,6,6,30,20,,,2,33.333332,38.46154,61.497326,12,0.4,5.5,18.333334,0,0,0,0,0,0,0,0,0,0,0,0,0,0,3,3,6,50,,,1,33.333332,36.120399,65.853661,1.5,0.25,0,0,6,2.006689,0.002329,3,3,1.003345,1.003345,0.2,15,0.026702,3.776179,-2.92811,-0.562582,88505,80795,0.337834,0.370072,12.966666,4.5,0.043222,0.015,9.75,0.010943,0.069478,4,0.666667,0.200439,0.011249,0.091241,lucene,2,org.apache.lucene.search.RangeFilter,7,2,0,6,30,1,1,5,7,0,373,1,0,0.142857143,0.314285714,1,1,51.57142857,12,3.5714,0,0
java\org\apache\lucene\index\SegmentInfo.java,10,20,90,22.222221,,,1,10,34.782608,49.760765,35,0.388889,1,1.111111,0,0,0,0,0,0,0,0,0,0,0,0,0,0,1,0,0,,0,0,1,100,14.046823,100,0,,0,,10,3.344482,0.003882,1,9,0.334448,3.010033,0.222222,45,0.032767,4.633976,-1.40501,-0.269947,44861,88507,0.666503,0.337826,3.5,62.397614,0.011667,0.207992,0.366667,0.000412,0.020044,6.65,0.665,0.165442,0.026859,0.267141,lucene,2,org.apache.lucene.index.SegmentInfo,1,1,0,5,2,0,4,1,1,2,16,0,1,0,1,0,0,12,0,0,6,1
java\org\apache\lucene\store\BufferedIndexInput.java,1,0,0,,0,0,1,100,7.35786,100,0,,0,,0,0,0,0,0,0,0,0,0,0,0,0,0,0,1,0,0,,0,0,1,100,7.35786,100,0,,0,,1,0.334448,0.000388,1,0,0.334448,0,,0,0.002065,0.292074,-0.685881,-0.131779,89700,89401,0.333333,0.334448,2,1,0.006667,0.003333,0,0,0,1,1,1,1,0,lucene,2,org.apache.lucene.store.BufferedIndexInput,9,2,3,4,14,0,3,1,6,0.575,204,0.8,0,0.619047619,0.416666667,1,4,21.11111111,2,1,3,1
java\org\apache\lucene\index\TermInfosWriter.java,7,8,42,19.047619,,,2,28.571428,38.46154,63.888889,17,0.404762,1,2.380952,0,0,0,0,0,0,0,0,0,0,0,0,0,0,6,3,30,10,,,4,66.666664,38.12709,69.938652,13.5,0.45,0,0,7,2.341137,0.002717,6,1,2.006689,0.334448,0.190476,21,0.02105,2.976964,0.123174,0.023666,69799,86416,0.428373,0.346001,9.5,24.25001,0.031667,0.080833,33,0.037036,0.959783,5.071428,0.72449,0.183792,0.009214,0.129293,lucene,2,org.apache.lucene.index.TermInfosWriter,6,1,0,8,29,0,2,6,0,0.436363636,383,0.727272727,5,0,0.479166667,0,0,61,1,0.6667,2,1
java\org\apache\lucene\search\MultiSearcher.java,11,7,110,6.363636,,,5,45.454544,30.76923,53.179192,51.5,0.468182,27,24.545454,0,0,0,0,0,0,0,0,0,0,0,0,0,0,6,3,30,10,,,3,50,26.086956,78.78788,13.5,0.45,0,0,11,3.67893,0.00427,6,5,2.006689,1.672241,0.063636,55,0.030515,4.315532,4.239063,0.814457,87609,79884,0.341289,0.374293,16.833332,7,0.056111,0.023333,26.069048,0.029258,0.871504,9.863636,0.896694,0.114089,0.012938,0.112118,lucene,2,org.apache.lucene.search.MultiSearcher,15,2,1,19,50,0,2,18,13,0.476190476,557,1,1,0.611111111,0.251851852,1,5,35.93333333,6,1.2667,3,1
java\org\apache\lucene\analysis\standard\ParseException.java,2,1,2,50,,,1,50,2.006689,66.666664,0.5,0.25,0,0,0,0,0,0,0,0,0,0,0,0,0,0,0,0,1,0,0,,0,0,1,100,1.003345,100,0,,0,,2,0.668896,0.000776,1,1,0.334448,0.334448,0.5,1,0.000157,0.022136,0.999915,0.192115,81681,89401,0.366058,0.334448,2,10.583332,0.006667,0.035278,0,0,0,1,0.5,0.784722,0.012748,0.25,lucene,2,org.apache.lucene.analysis.standard.ParseException,5,4,0,2,18,0,1,1,4,0.55,380,0.4,1,0.866666667,0.4,1,1,74,14,4.8,1,1
java\org\apache\lucene\search\MultiPhraseQuery.java,9,18,72,25,,,1,11.111111,42.140469,44.055943,27,0.375,6.166667,8.564815,0,0,0,0,0,0,0,0,0,0,0,0,0,0,5,6,20,30,,,1,20,36.120399,49.769585,7,0.35,0,0,9,3.010033,0.003494,5,4,1.672241,1.337793,0.25,36,0.042869,6.062654,-1.105355,-0.212373,83738,80485,0.357066,0.371498,14.83333,12.666667,0.049444,0.042222,6.794913,0.007626,0.078288,5.666667,0.62963,0.1521,0.007293,0.165306,lucene,2,org.apache.lucene.search.MultiPhraseQuery,17,2,0,12,55,12,3,10,13,0.625,404,1,0,0.428571429,0.158823529,2,4,22.52941176,7,2.0588,1,1
java\org\apache\lucene\store\IndexOutput.java,15,29,210,13.809524,,,1,6.666667,39.130436,41.342754,90.5,0.430952,0,0,0,0,0,0,0,0,0,0,0,0,0,0,0,0,0,0,0,0,0,0,0,0,0,0,0,0,0,0,15,5.016722,0.005823,0,15,0,5.016722,0.138095,105,0.037776,5.342324,-1.253698,-0.240875,38881,89700,0.769013,0.333333,1,76.504768,0.003333,0.255016,0,0,0.435383,11.566667,0.771111,0.128615,0.064709,0.332694,lucene,2,org.apache.lucene.store.IndexOutput,14,1,1,18,17,91,18,0,14,2,189,0,0,0,0.297619048,0,0,12.5,1,0.9286,1,1
java\org\apache\lucene\search\HitQueue.java,4,3,12,25,,,1,25,10.367893,72.093025,4.5,0.375,0,0,0,0,0,0,0,0,0,0,0,0,0,0,0,0,1,0,0,,0,0,1,100,6.020067,100,0,,0,,4,1.337793,0.001553,1,3,0.334448,1.003345,0.25,6,0.002631,0.372039,0.990617,0.190329,73351,89401,0.407629,0.334448,2,22.666674,0.006667,0.075556,0,0,0.003149,2.5,0.625,0.328382,0.022932,0.137311,lucene,2,org.apache.lucene.search.HitQueue,2,2,0,6,4,1,4,2,0,2,39,0,0,0.916666667,0.666666667,1,3,18.5,4,2,0,0
java\org\apache\lucene\search\NonMatchingScorer.java,3,2,6,33.333332,,,1,33.333332,7.023411,55.263157,2,0.333333,0.5,8.333333,0,0,0,0,0,0,0,0,0,0,0,0,0,0,2,1,2,50,,,1,50,7.023411,70,0.5,0.25,0,0,3,1.003345,0.001165,2,1,0.668896,0.334448,0.333333,3,0.001997,0.282374,2.484149,0.477283,89401,80542,0.334448,0.371235,9.711905,2,0.032373,0.006667,0.2,0.000224,0.00112,1.666667,0.555556,0.409648,0.006828,0.106523,lucene,2,org.apache.lucene.search.NonMatchingScorer,6,2,0,4,10,15,1,3,6,2,31,0,0,0.615384615,0.666666667,1,3,4.166666667,1,0.8333,0,0
java\org\apache\lucene\search\TopFieldDocs.java,7,4,42,9.523809,,,3,42.857143,23.745819,66.981133,19,0.452381,7.5,17.857143,0,0,0,0,0,0,0,0,0,0,0,0,0,0,3,1,6,16.666666,,,2,66.666664,5.016722,83.333336,2.5,0.416667,0,0,7,2.341137,0.002717,3,4,1.003345,1.337793,0.095238,21,0.014944,2.113464,-0.186787,-0.035888,45146,88803,0.662296,0.3367,4,57.583321,0.013333,0.191944,135.015472,0.151529,0.228547,5.928571,0.846939,0.186521,0.015363,0.134456,lucene,2,org.apache.lucene.search.TopFieldDocs,1,2,0,14,2,0,11,3,0,2,11,0,1,1,1,0,0,9,0,0,0,0
java\org\apache\lucene\search\spans\SpanNearQuery.java,7,9,42,21.428572,,,1,14.285714,22.742476,55.737705,16.5,0.392857,7,16.666666,0,0,0,0,0,0,0,0,0,0,0,0,0,0,5,5,20,25,,,1,20,20.401339,67.032967,7.5,0.375,2,10,7,2.341137,0.002717,5,3,1.672241,1.003345,0.214286,21,0.01837,2.597881,8.673904,1.666529,88803,78700,0.3367,0.379924,17.333334,4,0.057778,0.013333,6.875,0.007716,0.027288,5.1875,0.741071,0.245412,0.054828,0.276757,lucene,2,org.apache.lucene.search.spans.SpanNearQuery,12,3,0,7,46,0,1,7,12,0.613636364,343,1,0,0.592592593,0.208333333,2,2,27.25,7,1.75,1,1
java\org\apache\lucene\document\Document.java,77,252,5852,4.30622,,,1,1.298701,58.193981,16.430595,2800,0.478469,10.5,0.179426,0,0,0,0,0,0,0,0,0,0,0,0,0,0,1,0,0,,0,0,1,100,21.404682,100,0,,0,,77,25.752508,0.029891,1,76,0.334448,25.41806,0.043062,2926,0.269241,38.076488,-0.996975,-0.19155,40505,89401,0.73818,0.334448,2,113.416687,0.006667,0.378056,80.5,0.090346,7.551648,71.090912,0.923259,0.041997,0.268278,0.405573,lucene,2,org.apache.lucene.document.Document,14,1,0,23,35,0,22,1,14,0.5,341,0.5,0,0,0.428571429,0,0,23.21428571,5,2.5714,1,1
java\org\apache\lucene\queryParser\QueryParserTokenManager.java,3,2,6,33.333332,,,1,33.333332,11.705686,87.5,2,0.333333,0,0,0,0,0,0,0,0,0,0,0,0,0,0,0,0,2,0,2,0,,,2,100,1.337793,80,1,0.5,0,0,3,1.003345,0.001165,2,1,0.668896,0.334448,0.333333,3,0.004333,0.612774,1.999811,0.384226,84337,89102,0.35453,0.33557,3,10.166666,0.01,0.033889,0,0,0.001122,1.666667,0.555556,0.608559,0.149057,0.296825,lucene,2,org.apache.lucene.queryParser.QueryParserTokenManager,36,1,0,5,52,282,1,4,7,0.720300752,2855,0.210526316,1,0,0.405714286,0,0,77.77777778,102,7.0556,4,1
java\org\apache\lucene\search\SloppyPhraseScorer.java,5,5,20,25,,,1,20,16.38796,68.055557,7.5,0.375,0,0,0,0,0,0,0,0,0,0,0,0,0,0,0,0,5,5,20,25,,,1,20,16.38796,68.055557,7.5,0.375,0,0,5,1.672241,0.001941,5,0,1.672241,0,0.25,10,0.004633,0.655183,11.60467,2.229621,89700,79320,0.333333,0.376954,14.933331,1,0.049778,0.003333,0,0,0.23653,3.2,0.64,0.2995,0.016101,0.216122,lucene,2,org.apache.lucene.search.SloppyPhraseScorer,2,3,0,8,11,0,2,6,0,0,106,1,0,0.952380952,0.571428571,1,1,51.5,1,0.5,1,1
java\org\apache\lucene\index\TermEnum.java,18,30,306,9.803922,,,1,5.555555,41.806019,43.85965,138,0.45098,0.5,0.163399,0,0,0,0,0,0,0,0,0,0,0,0,0,0,1,0,0,,0,0,1,100,25.752508,100,0,,0,,18,6.020067,0.006988,1,17,0.334448,5.685619,0.098039,153,0.05212,7.370896,-0.749263,-0.143957,44806,89401,0.667321,0.334448,2,69.149994,0.006667,0.2305,0.2,0.000224,0.273351,14.694445,0.816358,0.107191,0.172658,0.243508,lucene,2,org.apache.lucene.index.TermEnum,6,1,5,25,8,15,24,1,6,2,21,0,0,0,0.583333333,0,0,2.5,1,0.8333,0,0
java\org\apache\lucene\index\TermVectorsWriter.java,8,9,56,16.071428,,,2,25,21.404682,55.172413,23.5,0.419643,7,12.5,0,0,0,0,0,0,0,0,0,0,0,0,0,0,5,3,20,15,,,3,60,19.397993,67.441864,8.5,0.425,0,0,8,2.675585,0.003106,5,3,1.672241,1.003345,0.160714,28,0.013854,1.959275,0.59586,0.114483,69498,86715,0.430228,0.344808,8.5,25.916676,0.028333,0.086389,38.116665,0.042779,0.49909,5.9375,0.742188,0.174873,0.012754,0.175149,lucene,2,org.apache.lucene.index.TermVectorsWriter,15,1,0,13,54,41,2,11,10,0.804761905,675,0.533333333,5,0,0.237037037,0,0,43,3,1.2,0,0
java\org\apache\lucene\index\FieldsReader.java,7,12,42,28.571428,,,1,14.285714,37.458195,43.579765,15,0.357143,2,4.761905,0,0,0,0,0,0,0,0,0,0,0,0,0,0,5,6,20,30,,,1,20,36.120399,47.787609,7,0.35,0,0,7,2.341137,0.002717,5,2,1.672241,0.668896,0.285714,21,0.034713,4.909109,-1.797522,-0.34536,67116,87311,0.445497,0.342454,7.5,29.250015,0.025,0.0975,4.616667,0.005181,0.079704,3.785714,0.540816,0.190557,0.002631,0.153478,lucene,2,org.apache.lucene.index.FieldsReader,5,1,0,10,36,2,1,9,0,0.625,319,1,3,0,0.333333333,0,0,62,1,0.8,9,1
java\org\apache\lucene\search\Query.java,58,178,3306,5.38415,,,1,1.724138,56.856186,20.858896,1564,0.473079,167,5.051422,0,0,0,0,0,0,0,0,0,0,0,0,0,0,5,4,20,20,,,2,40,43.143814,68.983955,8,0.4,15,75,58,19.397993,0.022516,5,56,1.672241,18.729097,0.053842,1653,0.177115,25.047825,-2.893603,-0.555952,45360,81059,0.659171,0.368867,16.999998,88.333344,0.056667,0.294444,1010.111145,1.133657,6.005448,51.885246,0.894573,0.044169,0.109242,0.449068,lucene,2,org.apache.lucene.search.Query,13,1,13,45,39,72,42,7,12,0.833333333,249,1,0,0,0.230769231,0,0,18.07692308,9,1.8462,0,0
java\org\apache\lucene\search\RangeQuery.java,11,25,110,22.727272,,,1,9.090909,50.501671,39.425587,42.5,0.386364,8.5,7.727273,0,0,0,0,0,0,0,0,0,0,0,0,0,0,7,10,42,23.809525,,,1,14.285714,44.816055,44.078949,16,0.380952,0,0,11,3.67893,0.00427,7,4,2.341137,1.337793,0.227273,55,0.056707,8.019564,-3.543428,-0.680804,83440,80471,0.358341,0.371562,17.499998,13.166666,0.058333,0.043889,15.146861,0.016999,0.183131,7.090909,0.644628,0.122817,0.008145,0.156716,lucene,2,org.apache.lucene.search.RangeQuery,9,2,0,9,32,0,1,8,9,0.291666667,340,1,2,0.6,0.259259259,2,3,36.44444444,11,3,0,0
java\org\apache\lucene\search\PrefixQuery.java,10,18,90,20,,,1,10,49.832775,41.736694,36,0.4,10.333333,11.481482,0,0,0,0,0,0,0,0,0,0,0,0,0,0,7,10,42,23.809525,,,1,14.285714,44.816055,44.078949,16,0.380952,0,0,10,3.344482,0.003882,7,3,2.341137,1.003345,0.2,45,0.0501,7.085165,-3.543586,-0.680834,83739,80471,0.357062,0.371562,17.499998,12.166666,0.058333,0.040556,16.104004,0.018074,0.184441,6.9,0.69,0.12847,0.006886,0.129043,lucene,2,org.apache.lucene.search.PrefixQuery,6,2,0,9,28,0,1,8,6,0,147,1,1,0.705882353,0.333333333,2,3,23.33333333,4,1.5,0,0
java\org\apache\lucene\analysis\standard\StandardTokenizer.java,6,2,30,6.666667,,,4,66.666664,16.053513,90.56604,14,0.466667,5,16.666666,0,0,0,0,0,0,0,0,0,0,0,0,0,0,5,2,20,10,,,3,60,7.35786,84.615387,9,0.45,0,0,6,2.006689,0.002329,5,1,1.672241,0.334448,0.066667,15,0.003445,0.487246,7.965112,1.530348,81954,87907,0.364839,0.340132,6.5,14,0.021667,0.046667,139.166672,0.156188,3.175603,5.333333,0.888889,0.275463,0.064025,0.25,lucene,2,org.apache.lucene.analysis.standard.StandardTokenizer,15,3,0,9,29,15,1,8,11,0.6,523,0.7,3,0.214285714,0.285714286,1,1,33.2,10,1.7333,0,0
java\org\apache\lucene\search\TopDocs.java,8,6,56,10.714286,,,2,25,23.745819,62.83186,25,0.446429,3.5,6.25,0,0,0,0,0,0,0,0,0,0,0,0,0,0,1,0,0,,0,0,1,100,1.337793,100,0,,0,,8,2.675585,0.003106,1,7,0.334448,2.341137,0.107143,28,0.016193,2.289969,-0.909688,-0.17478,44542,89401,0.671277,0.334448,2,60.716648,0.006667,0.202389,67.728569,0.076012,0.250651,6.625,0.828125,0.181379,0.013019,0.196405,lucene,2,org.apache.lucene.search.TopDocs,3,1,1,14,4,0,13,1,2,0.666666667,25,0.333333333,1,0,0.583333333,0,0,6.333333333,1,0.6667,0,0
java\org\apache\lucene\analysis\Tokenizer.java,2,0,2,0,,,2,100,2.006689,85.714287,1,0.5,0,0,0,0,0,0,0,0,0,0,0,0,0,0,0,0,0,0,0,0,0,0,0,0,0,0,0,0,0,0,2,0.668896,0.000776,0,2,0,0.668896,0,1,0.000033,0.00471,0.000009,0.000002,85246,89700,0.35075,0.333333,1,7.266667,0.003333,0.024222,0,0,0.00853,2,1,0.5,0,0,lucene,2,org.apache.lucene.analysis.Tokenizer,3,2,3,4,5,1,3,1,1,0.5,17,1,0,0.666666667,0.666666667,0,0,4.333333333,1,0.3333,0,0
java\org\apache\lucene\LucenePackage.java,0,0,0,0,0,0,0,0,0,0,0,0,0,0,0,0,0,0,0,0,0,0,0,0,0,0,0,0,0,0,0,0,0,0,0,0,0,0,0,0,0,0,0,0,0,0,0,0,0,,0,0,0,0.000053,0.00001,89700,89700,0.333333,0.333333,1,1,0.003333,0.003333,0,0,0,0,0,0,,0,lucene,2,org.apache.lucene.LucenePackage,3,1,0,0,8,3,0,0,1,1,27,0,0,0,0.333333333,0,0,7.666666667,2,1,0,0
java\org\apache\lucene\util\BitVector.java,6,7,30,23.333334,,,2,33.333332,20.401339,53.04348,11.5,0.383333,5,16.666666,0,0,0,0,0,0,0,0,0,0,0,0,0,0,3,2,6,33.333332,,,1,33.333332,17.391304,65.822784,2,0.333333,0,0,6,2.006689,0.002329,3,3,1.003345,1.003345,0.233333,15,0.012597,1.78155,-2.068628,-0.397448,67115,88505,0.445504,0.337834,4.5,29.750011,0.015,0.099167,4.883333,0.005481,0.070147,4.25,0.708333,0.207936,0.005742,0.114076,lucene,2,org.apache.lucene.util.BitVector,9,1,0,5,18,0,2,3,8,0.5,1224,1,0,0,0.5,0,0,134.5555556,3,1,2,1
java\org\apache\lucene\util\Parameter.java,0,0,0,0,0,0,0,0,0,0,0,0,0,0,0,0,0,0,0,0,0,0,0,0,0,0,0,0,0,0,0,0,0,0,0,0,0,0,0,0,0,0,0,0,0,0,0,0,0,,0,0,0,0.000058,0.000011,89700,89700,0.333333,0.333333,1,1,0.003333,0.003333,0,0,0,0,0,0,,0,lucene,2,org.apache.lucene.util.Parameter,6,1,5,5,18,5,5,0,1,0.6,88,0.5,0,0,0.7,0,0,13.33333333,1,0.5,0,0
java\org\apache\lucene\store\RAMDirectory.java,67,27,4422,0.610583,,,44,65.671638,56.52174,22.623829,2197.5,0.496947,333,7.530529,0,0,0,0,0,0,0,0,0,0,0,0,0,0,6,3,30,10,,,3,50,20.066889,58.823528,13.5,0.45,0,0,67,22.408028,0.026009,6,61,2.006689,20.401339,0.006106,2211,0.212626,30.069914,3.863708,0.74234,69971,87012,0.42732,0.343631,8.5,64.5,0.028333,0.215,330.433319,0.370848,6.612484,66.194031,0.987971,0.017398,0.018246,0.062742,lucene,2,org.apache.lucene.store.RAMDirectory,16,2,0,10,41,10,2,9,15,0.133333333,257,0,0,0.5,0.375,0,0,15,2,0.875,12,1
java\org\apache\lucene\search\spans\SpanQuery.java,8,6,56,10.714286,,,3,37.5,28.428093,74.561401,25,0.446429,10.5,18.75,0,0,0,0,0,0,0,0,0,0,0,0,0,0,2,1,2,50,,,1,50,24.414715,93.589745,0.5,0.25,0,0,8,2.675585,0.003106,2,7,0.668896,2.341137,0.107143,28,0.016532,2.337991,-0.328012,-0.063021,87309,79883,0.342462,0.374297,15.583331,8.5,0.051944,0.028333,46.650002,0.052356,0.161325,7,0.875,0.181411,0.059657,0.168877,lucene,2,org.apache.lucene.search.spans.SpanQuery,5,2,5,15,7,10,10,6,4,2,14,0,0,0.75,0.466666667,1,1,1.8,1,0.8,0,0
java\org\apache\lucene\index\MultipleTermPositions.java,4,3,12,25,,,2,50,40.133778,65.934067,4.5,0.375,0,0,0,0,0,0,0,0,0,0,0,0,0,0,0,0,4,3,12,25,,,2,50,40.133778,65.934067,4.5,0.375,0,0,4,1.337793,0.001553,4,0,1.337793,0,0.25,6,0.020677,2.924217,-1.93723,-0.372203,89700,80496,0.333333,0.371447,13.966666,1,0.046556,0.003333,0,0,0.130765,2.5,0.625,0.271406,0.001148,0.041518,lucene,2,org.apache.lucene.index.MultipleTermPositions,10,1,0,8,33,25,1,7,10,0.722222222,178,1,2,0,0.228571429,0,0,16.4,1,0.9,2,1
java\org\apache\lucene\queryParser\QueryParser.java,35,59,1190,4.957983,,,5,14.285714,50.167225,31.645569,565.5,0.47521,258.5,21.722689,0,0,0,0,0,0,0,0,0,0,0,0,0,0,20,32,380,8.421053,,,5,25,46.822742,42.813457,174,0.457895,0,0,35,11.705686,0.013587,20,15,6.688963,5.016722,0.04958,595,0.09125,12.904634,2.249782,0.432254,84619,74509,0.353349,0.401294,32.500004,17,0.108333,0.056667,360.961365,0.40511,7.676986,32.128571,0.917959,0.054357,0.07917,0.297532,lucene,2,org.apache.lucene.queryParser.QueryParser,52,1,1,30,129,888,1,29,32,0.873873874,2830,0.648648649,11,0,0.132730015,0,0,52.71153846,23,2.6731,7,1
java\org\apache\lucene\analysis\SimpleAnalyzer.java,1,0,0,,0,0,1,100,1.003345,100,0,,0,,0,0,0,0,0,0,0,0,0,0,0,0,0,0,1,0,0,,0,0,1,100,1.003345,100,0,,0,,1,0.334448,0.000388,1,0,0.334448,0,,0,0.000008,0.001153,4.906402,0.942674,89700,88214,0.333333,0.338948,3.333333,1,0.011111,0.003333,0,0,0,1,1,1,1,0,lucene,2,org.apache.lucene.analysis.SimpleAnalyzer,2,2,0,4,4,1,1,3,2,2,10,0,0,0.666666667,0.666666667,0,0,4,1,0.5,0,0
java\org\apache\lucene\search\FieldDocSortedHitQueue.java,4,2,12,16.666666,,,2,50,10.033444,69.767441,5,0.416667,2,16.666666,0,0,0,0,0,0,0,0,0,0,0,0,0,0,2,0,2,0,,,2,100,7.692307,95.833336,1,0.5,0,0,4,1.337793,0.001553,2,2,0.668896,0.668896,0.166667,6,0.002642,0.373669,1.230085,0.236338,87017,89102,0.343611,0.33557,3,6.333333,0.01,0.021111,2.166667,0.002432,0.015697,3,0.75,0.294177,0.00814,0.081755,lucene,2,org.apache.lucene.search.FieldDocSortedHitQueue,5,2,0,6,21,0,3,3,0,0.375,274,0,1,0.733333333,0.5,1,3,53.4,18,5,0,0
java\org\apache\lucene\search\HitCollector.java,6,3,30,10,,,3,50,24.414715,71.568626,13.5,0.45,0,0,0,0,0,0,0,0,0,0,0,0,0,0,0,0,0,0,0,0,0,0,0,0,0,0,0,0,0,0,6,2.006689,0.002329,0,6,0,2.006689,0.1,15,0.013158,1.86085,-0.464129,-0.089174,45130,89700,0.66253,0.333333,1,60.666653,0.003333,0.202222,0,0,0.117729,5,0.833333,0.225372,0.049408,0.139134,lucene,2,org.apache.lucene.search.HitCollector,2,1,6,21,3,1,21,0,2,2,5,0,0,0,0.666666667,0,0,1.5,1,0.5,0,0
java\org\apache\lucene\analysis\WhitespaceTokenizer.java,5,0,20,0,,,5,100,4.013378,80,10,0.5,4,20,0,0,0,0,0,0,0,0,0,0,0,0,0,0,1,0,0,,0,0,1,100,1.337793,100,0,,0,,5,1.672241,0.001941,1,4,0.334448,1.337793,0,10,0.000096,0.013623,2.975419,0.571671,88504,88805,0.337838,0.336693,3,5,0.01,0.016667,9,0.010101,0.642934,5,1,0.2,0,0,lucene,2,org.apache.lucene.analysis.WhitespaceTokenizer,2,4,0,2,4,1,1,1,1,2,13,0,0,0.857142857,0.666666667,1,1,5.5,2,1,0,0
java\org\apache\lucene\search\spans\SpanNotQuery.java,4,1,12,8.333333,,,3,75,22.408028,66.336632,5.5,0.458333,2,16.666666,0,0,0,0,0,0,0,0,0,0,0,0,0,0,3,0,6,0,,,3,100,20.066889,74.074074,3,0.5,0,0,4,1.337793,0.001553,3,1,1.003345,0.334448,0.083333,6,0.01385,1.958671,0.024789,0.004763,89401,79596,0.334448,0.375647,14.833332,2,0.049444,0.006667,0.875,0.000982,0.015798,3.625,0.90625,0.258472,0.000585,0.016598,lucene,2,org.apache.lucene.search.spans.SpanNotQuery,13,3,0,6,31,0,1,6,11,0.375,218,1,2,0.571428571,0.208791209,2,2,15.61538462,6,1.3077,0,0
java\org\apache\lucene\analysis\standard\StandardFilter.java,4,2,12,16.666666,,,2,50,15.384615,67.647057,5,0.416667,3,25,0,0,0,0,0,0,0,0,0,0,0,0,0,0,3,2,6,33.333332,,,1,33.333332,7.35786,53.658535,2,0.333333,0,0,4,1.337793,0.001553,3,1,1.003345,0.334448,0.166667,6,0.003903,0.551932,5.937525,1.140785,81954,88803,0.364839,0.3367,4,14,0.013333,0.046667,22.166666,0.024878,0.174471,3,0.75,0.292891,0.006913,0.079832,lucene,2,org.apache.lucene.analysis.standard.StandardFilter,3,3,0,5,17,1,1,4,2,0.5,98,1,0,0.75,0.75,0,0,31,1,0.3333,0,0
java\org\apache\lucene\search\TermQuery.java,37,77,1332,5.780781,,,2,5.405406,48.160534,24.448217,627.5,0.471096,36.666668,2.752753,0,0,0,0,0,0,0,0,0,0,0,0,0,0,3,0,6,0,,,3,100,35.785954,71.333336,3,0.5,0,0,37,12.374582,0.014363,3,34,1.003345,11.371238,0.057808,666,0.139352,19.707361,-1.140455,-0.219117,73276,80785,0.408046,0.370118,13.33333,45.5,0.044444,0.151667,55.74567,0.062564,1.240643,33.12162,0.895179,0.0483,0.110442,0.234275,lucene,2,org.apache.lucene.search.TermQuery,8,2,0,14,22,0,9,6,6,0.142857143,100,1,1,0.631578947,0.232142857,2,2,11.375,4,1.375,1,1
java\org\apache\lucene\analysis\CharTokenizer.java,4,0,12,0,,,4,100,7.35786,84.615387,6,0.5,4,33.333332,0,0,0,0,0,0,0,0,0,0,0,0,0,0,2,0,2,0,,,2,100,6.020067,94.736839,1,0.5,0,0,4,1.337793,0.001553,2,2,0.668896,0.668896,0,6,0.000386,0.05461,1.995429,0.383385,86130,89102,0.34715,0.33557,3,6.916667,0.01,0.023056,17,0.019079,0.964955,4,1,0.25,0,0,lucene,2,org.apache.lucene.analysis.CharTokenizer,4,3,2,4,8,4,2,2,2,0.857142857,122,1,0,0.5,0.583333333,0,0,27.75,1,0.75,0,0
java\org\apache\lucene\document\DateTools.java,4,0,12,0,,,4,100,6.354515,82.608696,6,0.5,0,0,0,0,0,0,0,0,0,0,0,0,0,0,0,0,0,0,0,0,0,0,0,0,0,0,0,0,0,0,4,1.337793,0.001553,0,4,0,1.337793,0,6,0.005674,0.802373,0.000001,0,87312,89700,0.34245,0.333333,1,7,0.003333,0.023333,0,0,0.660483,4,1,0.25,0,0,lucene,2,org.apache.lucene.document.DateTools,8,1,0,1,29,16,0,1,6,0.142857143,330,1,0,0,0.314285714,0,0,40.125,8,2.5,0,0
java\org\apache\lucene\store\Directory.java,42,124,1722,7.200929,,,1,2.380952,56.52174,25.261585,799,0.463995,48.233334,2.801007,0,0,0,0,0,0,0,0,0,0,0,0,0,0,3,0,6,0,,,3,100,10.367893,75.609756,3,0.5,0,0,42,14.046823,0.016304,3,39,1.003345,13.043478,0.072009,861,0.119686,16.926086,-2.16991,-0.416908,39379,88803,0.759288,0.3367,4,95.249985,0.013333,0.3175,94.583336,0.106152,3.675565,36.67857,0.873299,0.056621,0.087003,0.429215,lucene,2,org.apache.lucene.store.Directory,12,1,3,35,13,66,32,3,12,2,15,0,0,0,0.875,0,0,0.25,1,0.9167,6,1
java\org\apache\lucene\search\spans\SpanOrQuery.java,5,5,20,25,,,1,20,22.408028,62.037037,7.5,0.375,1,5,0,0,0,0,0,0,0,0,0,0,0,0,0,0,3,0,6,0,,,3,100,20.066889,74.074074,3,0.5,0,0,5,1.672241,0.001941,3,2,1.003345,0.668896,0.25,10,0.014647,2.071361,0.024582,0.004723,88506,79596,0.33783,0.375647,14.833332,4,0.049444,0.013333,0.875,0.000982,0.015798,3.7,0.74,0.270505,0.001875,0.162113,lucene,2,org.apache.lucene.search.spans.SpanOrQuery,11,3,0,8,42,0,3,6,10,0.45,285,1,0,0.615384615,0.220779221,2,2,24.72727273,7,1.7273,1,1
java\org\apache\lucene\search\WildcardQuery.java,5,4,20,20,,,1,20,36.454849,78.985504,8,0.4,4,20,0,0,0,0,0,0,0,0,0,0,0,0,0,0,3,2,6,33.333332,,,1,33.333332,26.755854,88.888885,2,0.333333,0,0,5,1.672241,0.001941,3,2,1.003345,0.668896,0.2,10,0.020505,2.899819,-3.882542,-0.745958,84038,79606,0.355791,0.3756,14.066667,11.166666,0.046889,0.037222,28,0.031425,0.048594,3.4,0.68,0.25022,0.034958,0.103711,lucene,2,org.apache.lucene.search.WildcardQuery,3,3,0,6,7,3,1,5,2,2,23,0,0,0.9,0.5,1,1,6.666666667,2,1,1,1
java\org\apache\lucene\index\SegmentTermVector.java,2,1,2,50,,,1,50,3.010033,75,0.5,0.25,0,0,0,0,0,0,0,0,0,0,0,0,0,0,0,0,0,0,0,0,0,0,0,0,0,0,0,0,0,0,2,0.668896,0.000776,0,2,0,0.668896,0.5,1,0.000666,0.094123,0.00439,0.000843,66592,89700,0.449003,0.333333,1,23.51667,0.003333,0.078389,0,0,0,1,0.5,0.753086,0.023586,0.222222,lucene,2,org.apache.lucene.index.SegmentTermVector,8,1,1,3,15,0,2,1,7,0.571428571,133,1,0,0,0.35,0,0,15.25,4,1.75,0,0
java\org\apache\lucene\document\DateField.java,2,1,2,50,,,1,50,14.381271,86,0.5,0.25,0,0,0,0,0,0,0,0,0,0,0,0,0,0,0,0,0,0,0,0,0,0,0,0,0,0,0,0,0,0,2,0.668896,0.000776,0,2,0,0.668896,0.5,1,0.007834,1.107877,-0.000045,-0.000009,84336,89700,0.354534,0.333333,1,10.666666,0.003333,0.035556,0,0,0,1,0.5,0.548934,0.000954,0.047619,lucene,2,org.apache.lucene.document.DateField,8,1,0,1,25,22,1,0,6,0.428571429,126,1,0,0,0.178571429,0,0,14.625,5,1.375,0,0
java\org\apache\lucene\search\FieldDoc.java,3,1,6,16.666666,,,2,66.666664,3.67893,64.705879,2.5,0.416667,2,33.333332,0,0,0,0,0,0,0,0,0,0,0,0,0,0,1,0,0,,0,0,1,100,1.337793,100,0,,0,,3,1.003345,0.001165,1,2,0.334448,0.668896,0.166667,3,0.001385,0.195873,-0.137496,-0.026417,74549,89401,0.401078,0.334448,2,19.416668,0.006667,0.064722,1.333333,0.001496,0.031053,2.333333,0.777778,0.411736,0.009936,0.108333,lucene,2,org.apache.lucene.search.FieldDoc,2,2,0,4,3,1,3,1,2,1,16,0,0,0,0.875,0,0,6.5,0,0,0,0
java\org\apache\lucene\queryParser\TokenMgrError.java,2,1,2,50,,,1,50,11.705686,92.105263,0.5,0.25,0,0,0,0,0,0,0,0,0,0,0,0,0,0,0,0,0,0,0,0,0,0,0,0,0,0,0,0,0,0,2,0.668896,0.000776,0,2,0,0.668896,0.5,1,0.004146,0.58635,-0.000006,-0.000001,84038,89700,0.355791,0.333333,1,11.166666,0.003333,0.037222,0,0,0,1,0.5,0.708934,0.046992,0.180952,lucene,2,org.apache.lucene.queryParser.TokenMgrError,6,3,0,2,19,15,2,0,4,1.12,184,0,0,0.8125,0.5,1,1,28.83333333,14,2.8333,0,0
java\org\apache\lucene\index\SegmentMerger.java,17,32,272,11.764706,,,1,5.882353,53.846153,42.36842,120,0.441176,34,12.5,0,0,0,0,0,0,0,0,0,0,0,0,0,0,15,27,210,12.857142,,,1,6.666667,53.511707,44.321331,91.5,0.435714,10.5,5,17,5.685619,0.006599,15,3,5.016722,1.003345,0.117647,136,0.047044,6.653094,-27.481394,-5.280038,70032,71857,0.426948,0.416104,32.166672,35,0.107222,0.116667,646.700012,0.725797,1.810058,13.361111,0.785948,0.106973,0.042336,0.309422,lucene,2,org.apache.lucene.index.SegmentMerger,18,1,0,21,93,0,1,21,0,0.701960784,1039,1,8,0,0.188888889,0,0,55.88888889,1,0.8889,8,1
java\org\apache\lucene\search\ReqOptSumScorer.java,3,2,6,33.333332,,,1,33.333332,7.023411,55.263157,2,0.333333,0.5,8.333333,0,0,0,0,0,0,0,0,0,0,0,0,0,0,2,1,2,50,,,1,50,7.023411,70,0.5,0.25,0,0,3,1.003345,0.001165,2,1,0.668896,0.334448,0.333333,3,0.001997,0.282374,2.484208,0.477294,89401,80542,0.334448,0.371235,9.711905,2,0.032373,0.006667,0.2,0.000224,0.00112,1.666667,0.555556,0.409648,0.006828,0.106523,lucene,2,org.apache.lucene.search.ReqOptSumScorer,6,2,0,4,15,0,1,3,6,0.466666667,113,1,2,0.615384615,0.5,1,3,17.33333333,1,0.8333,0,0
java\org\apache\lucene\search\DisjunctionMaxScorer.java,2,1,2,50,,,1,50,11.036789,76.744186,0.5,0.25,0,0,0,0,0,0,0,0,0,0,0,0,0,0,0,0,2,1,2,50,,,1,50,11.036789,76.744186,0.5,0.25,0,0,2,0.668896,0.000776,2,0,0.668896,0,0.5,1,0.003883,0.549079,2.121776,0.40766,89700,80515,0.333333,0.371359,11.433331,1,0.038111,0.003333,0,0,0,1.25,0.625,0.549138,0.000312,0.04793,lucene,2,org.apache.lucene.search.DisjunctionMaxScorer,11,2,0,4,25,0,1,3,7,0.65,434,1,0,0.444444444,0.287878788,1,3,38.09090909,6,1.5455,2,1
java\org\apache\lucene\document\NumberTools.java,1,0,0,,0,0,1,100,0.334448,,0,,0,,0,0,0,0,0,0,0,0,0,0,0,0,0,0,0,0,0,0,0,0,0,0,0,0,0,0,0,0,1,0.334448,0.000388,0,1,0,0.334448,,0,0,0,-0.000033,-0.000006,89401,89700,0.334448,0.333333,1,2,0.003333,0.006667,0,0,0,1,1,1,1,0,lucene,2,org.apache.lucene.document.NumberTools,4,1,0,0,18,0,0,0,3,1.166666667,130,0.5,0,0,0.333333333,0,0,30,6,2.5,0,0
java\org\apache\lucene\search\SimilarityDelegator.java,1,0,0,,0,0,1,100,8.695652,100,0,,0,,0,0,0,0,0,0,0,0,0,0,0,0,0,0,1,0,0,,0,0,1,100,8.695652,100,0,,0,,1,0.334448,0.000388,1,0,0.334448,0,,0,0.003131,0.442723,0.101903,0.019579,89700,80816,0.333333,0.369976,10.099999,1,0.033667,0.003333,0,0,0,1,1,1,1,0,lucene,2,org.apache.lucene.search.SimilarityDelegator,7,2,1,2,14,0,1,1,7,0,47,1,1,0.7,0.428571429,1,2,5.571428571,1,0.8571,0,0
java\org\apache\lucene\analysis\standard\Token.java,3,2,6,33.333332,,,1,33.333332,2.341137,63.636364,2,0.333333,0,0,0,0,0,0,0,0,0,0,0,0,0,0,0,0,0,0,0,0,0,0,0,0,0,0,0,0,0,0,3,1.003345,0.001165,0,3,0,1.003345,0.333333,3,0.000163,0.023058,-0.000064,-0.000012,81083,89700,0.368758,0.333333,1,12.58333,0.003333,0.041944,0,0,0.002245,1.666667,0.555556,0.675926,0.091766,0.388889,lucene,2,org.apache.lucene.analysis.standard.Token,3,1,0,3,4,3,3,0,3,1.4375,23,0,2,0,0.5,0,0,4,2,1,0,0
java\org\apache\lucene\search\CachingWrapperFilter.java,2,0,2,0,,,2,100,4.682274,93.333336,1,0.5,1,50,0,0,0,0,0,0,0,0,0,0,0,0,0,0,1,0,0,,0,0,1,100,3.010033,100,0,,0,,2,0.668896,0.000776,1,1,0.334448,0.334448,0,1,0.002849,0.402847,-2.053585,-0.394558,89401,80823,0.334448,0.369944,9.542856,2,0.03181,0.006667,1,0.001122,0.00674,2,1,0.5,0,0,lucene,2,org.apache.lucene.search.CachingWrapperFilter,5,2,0,2,16,0,0,2,5,0.5,102,1,1,0.2,0.4,1,1,19,2,1,3,1
java\org\apache\lucene\store\RAMFile.java,2,0,2,0,,,2,100,2.006689,85.714287,1,0.5,0,0,0,0,0,0,0,0,0,0,0,0,0,0,0,0,0,0,0,0,0,0,0,0,0,0,0,0,0,0,2,0.668896,0.000776,0,2,0,0.668896,0,1,0.000968,0.136905,-0.004472,-0.000859,66538,89700,0.449367,0.333333,1,27.833345,0.003333,0.092778,0,0,0.0032,2,1,0.5,0,0,lucene,2,org.apache.lucene.store.RAMFile,1,1,0,3,4,0,3,0,0,2,15,0,0,0,1,0,0,11,0,0,1,1
java\org\apache\lucene\analysis\StopFilter.java,5,2,20,10,,,3,60,15.384615,75.409836,9,0.45,5,25,0,0,0,0,0,0,0,0,0,0,0,0,0,0,2,1,2,50,,,1,50,5.685619,70.833336,0.5,0.25,0,0,5,1.672241,0.001941,2,3,0.668896,1.003345,0.1,10,0.003753,0.530699,4.94198,0.94951,80462,88804,0.371604,0.336697,3.5,17.500002,0.011667,0.058333,21,0.023568,0.437483,4.2,0.84,0.247291,0.023101,0.102101,lucene,2,org.apache.lucene.analysis.StopFilter,7,3,0,5,13,15,2,3,7,0.333333333,106,1,0,0.5,0.514285714,0,0,13.85714286,3,0.7143,0,0
java\org\apache\lucene\index\IndexWriter.java,74,135,5402,2.499074,,,4,5.405406,68.561874,20.918367,2633.5,0.487505,657.583313,12.17296,0,0,0,0,0,0,0,0,0,0,0,0,0,0,14,24,182,13.186813,,,3,21.428572,55.852844,47.851002,79,0.434066,6.666667,3.663004,74,24.749165,0.028727,14,61,4.682274,20.401339,0.024991,2701,0.245052,34.655518,-27.66427,-5.315175,69971,71834,0.42732,0.416237,33.950005,64.5,0.113167,0.215,2190.235596,2.458122,9.730086,70.453331,0.952072,0.028376,0.20689,0.22572,lucene,2,org.apache.lucene.index.IndexWriter,48,1,0,21,119,742,8,20,32,0.89106383,1211,0.64,6,0,0.115277778,0,0,23.70833333,2,0.9792,22,1
java\org\apache\lucene\index\TermInfosReader.java,7,11,42,26.190475,,,1,14.285714,38.12709,61.290321,15.5,0.369048,2.333333,5.555555,0,0,0,0,0,0,0,0,0,0,0,0,0,0,5,4,20,20,,,1,20,37.123745,73.026314,8,0.4,0,0,7,2.341137,0.002717,5,2,1.672241,0.668896,0.261905,21,0.021308,3.013399,0.086273,0.016576,67414,86119,0.443528,0.347194,9.5,28.750011,0.031667,0.095833,75.150002,0.084342,0.100069,4.5,0.642857,0.225444,0.006817,0.252078,lucene,2,org.apache.lucene.index.TermInfosReader,16,1,0,8,34,62,2,6,3,0.686666667,461,1,6,0,0.28125,0,0,27.1875,4,1.1875,4,1
java\org\apache\lucene\search\PhraseScorer.java,8,10,56,17.857143,,,1,12.5,17.391304,59.090908,23,0.410714,4.5,8.035714,0,0,0,0,0,0,0,0,0,0,0,0,0,0,6,3,30,10,,,3,50,17.391304,65.822784,13.5,0.45,0,0,8,2.675585,0.003106,6,2,2.006689,0.668896,0.178571,28,0.005809,0.821568,6.55792,1.259982,89102,79617,0.33557,0.375548,14.933331,3,0.049778,0.01,5,0.005612,0.511689,5.6875,0.710938,0.255955,0.033789,0.40598,lucene,2,org.apache.lucene.search.PhraseScorer,13,2,2,9,34,0,2,7,6,0.675925926,342,1,4,0.4,0.21978022,1,3,24.61538462,3,1.1538,1,1
java\org\apache\lucene\analysis\standard\StandardAnalyzer.java,27,1,702,0.14245,,,26,96.296295,26.086956,31.578947,350.5,0.499288,110,15.669516,0,0,0,0,0,0,0,0,0,0,0,0,0,0,5,0,20,0,,,5,100,5.016722,71.428574,10,0.5,0,0,27,9.0301,0.010481,5,22,1.672241,7.35786,0.001425,351,0.070054,9.907109,28.548632,5.485088,82228,85822,0.363623,0.348396,9.833334,24.5,0.032778,0.081667,304.333344,0.341556,6.282689,26.925926,0.997257,0.037604,0.000441,0.007275,lucene,2,org.apache.lucene.analysis.standard.StandardAnalyzer,7,2,0,8,15,0,0,8,6,0.5,67,0.5,0,0.666666667,0.333333333,0,0,8.285714286,1,0.1429,0,0
java\org\apache\lucene\store\RAMOutputStream.java,5,2,20,10,,,3,60,29.096991,84.466019,9,0.45,4,20,0,0,0,0,0,0,0,0,0,0,0,0,0,0,3,0,6,0,,,3,100,6.354515,100,3,0.5,0,0,5,1.672241,0.001941,3,2,1.003345,0.668896,0.1,10,0.013052,1.845838,1.491323,0.28653,67060,88803,0.445869,0.3367,4,38.333332,0.013333,0.127778,63.583332,0.07136,0.545341,4.3,0.86,0.216859,0.001266,0.040763,lucene,2,org.apache.lucene.store.RAMOutputStream,8,3,0,5,21,4,2,3,7,0.357142857,188,1,1,0.777777778,0.270833333,1,2,22.25,5,1.25,4,1
java\org\apache\lucene\index\FieldInfo.java,1,0,0,,0,0,1,100,7.023411,100,0,,0,,0,0,0,0,0,0,0,0,0,0,0,0,0,0,0,0,0,0,0,0,0,0,0,0,0,0,0,0,1,0.334448,0.000388,0,1,0,0.334448,,0,0.002171,0.30707,0.017502,0.003363,63908,89700,0.46786,0.333333,1,27.933336,0.003333,0.093111,0,0,0,1,1,1,1,0,lucene,2,org.apache.lucene.index.FieldInfo,1,1,0,6,2,0,6,0,0,2,32,0,0,0,1,0,0,24,0,0,1,1
java\org\apache\lucene\search\HitIterator.java,3,3,6,50,,,1,33.333332,16.053513,84.210526,1.5,0.25,0,0,0,0,0,0,0,0,0,0,0,0,0,0,0,0,2,1,2,50,,,1,50,14.046823,91.304344,0.5,0.25,0,0,3,1.003345,0.001165,2,1,0.668896,0.334448,0.5,3,0.011849,1.675753,2.263972,0.43498,89401,88507,0.334448,0.337826,3.833333,2,0.012778,0.006667,0,0,0,1,0.333333,0.518136,0.010393,0.243146,lucene,2,org.apache.lucene.search.HitIterator,5,1,0,2,10,0,1,2,4,0.375,60,1,1,0,0.6,0,0,10.6,2,1.2,0,0
java\org\apache\lucene\search\BooleanScorer2.java,8,8,56,14.285714,,,1,12.5,11.705686,53.846153,24,0.428571,0,0,0,0,0,0,0,0,0,0,0,0,0,0,0,0,8,8,56,14.285714,,,1,12.5,11.705686,53.846153,24,0.428571,0,0,8,2.675585,0.003106,8,0,2.675585,0,0.142857,28,0.004998,0.706832,20.580833,3.954224,89700,78721,0.333333,0.379822,17.433332,1,0.058111,0.003333,0,0,0.21359,6.125,0.765625,0.258002,0.177678,0.321147,lucene,2,org.apache.lucene.search.BooleanScorer2,20,2,0,15,52,86,5,14,9,0.669172932,449,1,3,0.32,0.223684211,1,3,21.1,6,1.75,4,1
java\org\apache\lucene\analysis\Token.java,17,13,272,4.779412,,,4,23.529411,24.414715,62.931034,129.5,0.476103,0,0,0,0,0,0,0,0,0,0,0,0,0,0,0,0,0,0,0,0,0,0,0,0,0,0,0,0,0,0,17,5.685619,0.006599,0,17,0,5.685619,0.047794,136,0.008748,1.237107,-0.0046,-0.000884,57903,89700,0.516381,0.333333,1,48.816662,0.003333,0.162722,0,0,6.898223,15.470589,0.910035,0.114661,0.175791,0.260331,lucene,2,org.apache.lucene.analysis.Token,9,1,0,13,16,0,13,0,9,0.6,152,0.2,0,0,0.518518519,1,1,15.33333333,3,1.1111,2,1
java\org\apache\lucene\index\DocumentWriter.java,0,0,0,0,0,0,0,0,0,0,0,0,0,0,0,0,0,0,0,0,0,0,0,0,0,0,0,0,0,0,0,0,0,0,0,0,0,0,0,0,0,0,0,0,0,0,0,0,0,,0,0,0,0.000015,0.000003,89700,89700,0.333333,0.333333,1,1,0.003333,0.003333,0,0,0,0,0,0,,0,lucene,2,org.apache.lucene.index.DocumentWriter,10,1,0,18,87,0,1,18,0,0.700854701,990,1,5,0,0.254545455,0,0,96.7,10,2.4,6,1
java\org\apache\lucene\util\Constants.java,0,0,0,0,0,0,0,0,0,0,0,0,0,0,0,0,0,0,0,0,0,0,0,0,0,0,0,0,0,0,0,0,0,0,0,0,0,0,0,0,0,0,0,0,0,0,0,0,0,,0,0,0,-0.000011,-0.000002,89700,89700,0.333333,0.333333,1,1,0.003333,0.003333,0,0,0,0,0,0,,0,lucene,2,org.apache.lucene.util.Constants,2,1,0,0,5,1,0,0,0,1,44,0,0,0,1,0,0,17,0,0,0,0
java\org\apache\lucene\search\MultiTermQuery.java,9,16,72,22.222221,,,1,11.111111,45.150501,43.548386,28,0.388889,6.5,9.027778,0,0,0,0,0,0,0,0,0,0,0,0,0,0,7,9,42,21.428572,,,1,14.285714,44.816055,45.890411,16.5,0.392857,0,0,9,3.010033,0.003494,7,2,2.341137,0.668896,0.222222,36,0.041223,5.829778,-3.031296,-0.582407,83160,80173,0.359548,0.372944,17.999998,10.166667,0.06,0.033889,27.166666,0.030489,0.125135,5.944444,0.660494,0.156506,0.012871,0.178656,lucene,2,org.apache.lucene.search.MultiTermQuery,7,2,2,10,27,1,2,8,6,0.333333333,134,1,1,0.666666667,0.342857143,2,3,18,5,1.5714,0,0
java\org\apache\lucene\search\BooleanScorer.java,3,2,6,33.333332,,,1,33.333332,11.371238,69.387756,2,0.333333,0,0,0,0,0,0,0,0,0,0,0,0,0,0,0,0,3,2,6,33.333332,,,1,33.333332,11.371238,69.387756,2,0.333333,0,0,3,1.003345,0.001165,3,0,1.003345,0,0.333333,3,0.004453,0.629798,2.662182,0.511489,89700,80514,0.333333,0.371364,11.933331,1,0.039778,0.003333,0,0,0.006911,1.833333,0.611111,0.410124,0.006992,0.107117,lucene,2,org.apache.lucene.search.BooleanScorer,11,2,0,8,28,15,2,7,7,0.644444444,440,1,3,0.444444444,0.287878788,1,3,38.18181818,2,1.1818,1,1
java\org\apache\lucene\search\QueryFilter.java,5,8,20,40,,,1,20,44.816055,52.755905,6,0.3,0.333333,1.666667,0,0,0,0,0,0,0,0,0,0,0,0,0,0,4,5,12,41.666668,,,1,25,44.147156,55.462185,3.5,0.291667,0,0,5,1.672241,0.001941,4,1,1.337793,0.334448,0.4,10,0.038071,5.384022,0.368019,0.070708,89401,78384,0.334448,0.381455,20.000002,2,0.066667,0.006667,0.7,0.000786,0.004085,2.6,0.52,0.233927,0.001205,0.080971,lucene,2,org.apache.lucene.search.QueryFilter,5,2,0,6,20,0,1,6,5,0.375,118,1,1,0.2,0.4,1,1,22.2,2,1,2,1
java\org\apache\lucene\search\ParallelMultiSearcher.java,0,0,0,0,0,0,0,0,0,0,0,0,0,0,0,0,0,0,0,0,0,0,0,0,0,0,0,0,0,0,0,0,0,0,0,0,0,0,0,0,0,0,0,0,0,0,0,0,0,,0,0,0,-0.000054,-0.00001,89700,89700,0.333333,0.333333,1,1,0.003333,0.003333,0,0,0,0,0,0,,0,lucene,2,org.apache.lucene.search.ParallelMultiSearcher,6,3,0,16,33,3,1,16,6,0.4,297,1,1,0.87804878,0.351851852,2,3,48.16666667,1,0.8333,0,0
java\org\apache\lucene\search\ConjunctionScorer.java,3,3,6,50,,,1,33.333332,11.036789,64.705879,1.5,0.25,0,0,0,0,0,0,0,0,0,0,0,0,0,0,0,0,2,1,2,50,,,1,50,11.036789,76.744186,0.5,0.25,0,0,3,1.003345,0.001165,2,1,0.668896,0.334448,0.5,3,0.004099,0.57974,2.121693,0.407644,89401,80515,0.334448,0.371359,11.433331,2,0.038111,0.006667,0,0,0,1.333333,0.444444,0.439187,0.001921,0.14724,lucene,2,org.apache.lucene.search.ConjunctionScorer,12,2,1,7,33,0,4,4,6,0.545454545,237,1,0,0.421052632,0.283333333,1,3,18.41666667,2,1,1,1
java\org\apache\lucene\util\SmallFloat.java,2,0,2,0,,,2,100,9.0301,100,1,0.5,0,0,0,0,0,0,0,0,0,0,0,0,0,0,0,0,0,0,0,0,0,0,0,0,0,0,0,0,0,0,2,0.668896,0.000776,0,2,0,0.668896,0,1,0.003136,0.443557,-0.572868,-0.110066,44833,89700,0.666919,0.333333,1,55.999943,0.003333,0.186666,0,0,0.626249,2,1,0.5,0,0,lucene,2,org.apache.lucene.util.SmallFloat,7,1,0,1,10,21,1,0,7,2,155,0,0,0,0.321428571,0,0,21.14285714,4,2.5714,0,0
java\org\apache\lucene\analysis\KeywordTokenizer.java,3,0,6,0,,,3,100,6.354515,95,3,0.5,2,33.333332,0,0,0,0,0,0,0,0,0,0,0,0,0,0,2,0,2,0,,,2,100,6.020067,94.736839,1,0.5,0,0,3,1.003345,0.001165,2,1,0.668896,0.334448,0,3,0.000382,0.053968,1.995451,0.383389,89401,89102,0.334448,0.33557,3,2,0.01,0.006667,2,0.002245,0.92966,3,1,0.333333,0,0,lucene,2,org.apache.lucene.analysis.KeywordTokenizer,3,3,0,3,10,1,1,2,3,0.5,63,1,0,0.75,0.666666667,0,0,19,1,0.3333,0,0
java\org\apache\lucene\index\IndexFileNames.java,0,0,0,0,0,0,0,0,0,0,0,0,0,0,0,0,0,0,0,0,0,0,0,0,0,0,0,0,0,0,0,0,0,0,0,0,0,0,0,0,0,0,0,0,0,0,0,0,0,,0,0,0,-0.000345,-0.000066,89700,89700,0.333333,0.333333,1,1,0.003333,0.003333,0,0,0,0,0,0,,0,lucene,2,org.apache.lucene.index.IndexFileNames,2,1,0,3,3,1,3,0,0,1.4,112,0,0,0,1,0,0,52.5,0,0,2,1
java\org\apache\lucene\index\SegmentInfos.java,8,19,56,33.92857,,,1,12.5,44.481606,50.378788,18.5,0.330357,2.75,4.910714,0,0,0,0,0,0,0,0,0,0,0,0,0,0,4,3,12,25,,,1,25,18.0602,60.674156,4.5,0.375,0,0,8,2.675585,0.003106,4,4,1.337793,1.337793,0.339286,28,0.033044,4.673073,-2.723465,-0.523263,45089,88206,0.663133,0.338979,5.5,66.816673,0.018333,0.222722,111.51667,0.125156,0.028009,4,0.5,0.185958,0.007604,0.214841,lucene,2,org.apache.lucene.index.SegmentInfos,6,4,0,13,30,3,9,4,5,0.6,216,0.333333333,0,0.94047619,0.5,0,0,34.5,1,0.8333,7,1
java\org\apache\lucene\search\TopDocCollector.java,6,4,30,13.333333,,,2,33.333332,26.086956,81.25,13,0.433333,6.5,21.666666,0,0,0,0,0,0,0,0,0,0,0,0,0,0,4,2,12,16.666666,,,2,50,8.361204,73.529411,5,0.416667,0,0,6,2.006689,0.002329,4,2,1.337793,0.668896,0.133333,15,0.010707,1.514212,2.933316,0.563582,74799,88504,0.399738,0.337838,5,26.833334,0.016667,0.089444,78.667854,0.08829,0.372962,4.666667,0.777778,0.229228,0.010345,0.167438,lucene,2,org.apache.lucene.search.TopDocCollector,5,2,1,7,13,0,2,5,4,0.4375,110,0.5,1,0.25,0.5,0,0,20.2,4,1.6,0,0
java\org\apache\lucene\analysis\LetterTokenizer.java,2,0,2,0,,,2,100,2.341137,100,1,0.5,1,50,0,0,0,0,0,0,0,0,0,0,0,0,0,0,1,0,0,,0,0,1,100,1.337793,100,0,,0,,2,0.668896,0.000776,1,1,0.334448,0.334448,0,1,0.000025,0.003522,2.975481,0.571683,87914,88805,0.340105,0.336693,3,4,0.01,0.013333,14,0.015712,0.044089,2,1,0.5,0,0,lucene,2,org.apache.lucene.analysis.LetterTokenizer,2,4,1,2,4,1,1,1,1,2,9,0,0,0.857142857,0.666666667,1,1,3.5,1,0.5,0,0
java\org\apache\lucene\search\MatchAllDocsQuery.java,4,2,12,16.666666,,,2,50,23.076923,66.346153,5,0.416667,2,16.666666,0,0,0,0,0,0,0,0,0,0,0,0,0,0,2,0,2,0,,,2,100,19.732441,80.821915,1,0.5,0,0,4,1.337793,0.001553,2,2,0.668896,0.668896,0.166667,6,0.017906,2.532326,-0.650412,-0.124965,89102,80787,0.33557,0.370109,12.666665,3,0.042222,0.01,0.533333,0.000599,0.008065,3.25,0.8125,0.271474,0.003668,0.04076,lucene,2,org.apache.lucene.search.MatchAllDocsQuery,6,2,0,6,14,15,2,5,5,2,57,0,0,0.705882353,0.333333333,2,3,8.5,3,1.1667,1,1
java\org\apache\lucene\search\FuzzyQuery.java,13,27,156,17.307692,,,2,15.384615,46.488293,42.638039,64.5,0.413462,22.166666,14.209402,0,0,0,0,0,0,0,0,0,0,0,0,0,0,9,15,72,20.833334,,,2,22.222221,40.468227,47.637794,28.5,0.395833,0,0,13,4.347826,0.005047,9,4,3.010033,1.337793,0.173077,78,0.048562,6.867763,-2.736621,-0.525791,83738,79288,0.357066,0.377106,19,12.666666,0.063333,0.042222,67.370674,0.075611,0.85643,9.384615,0.721893,0.12288,0.020533,0.247843,lucene,2,org.apache.lucene.search.FuzzyQuery,10,3,0,13,42,7,1,12,9,0.638888889,280,0.5,0,0.72,0.285714286,3,4,26.6,6,1.4,1,1
java\org\apache\lucene\analysis\standard\TokenMgrError.java,1,0,0,,0,0,1,100,1.003345,100,0,,0,,0,0,0,0,0,0,0,0,0,0,0,0,0,0,0,0,0,0,0,0,0,0,0,0,0,0,0,0,1,0.334448,0.000388,0,1,0,0.334448,,0,0.000007,0.000962,0.000036,0.000007,81409,89700,0.367281,0.333333,1,8.933333,0.003333,0.029778,0,0,0,1,1,1,1,0,lucene,2,org.apache.lucene.analysis.standard.TokenMgrError,6,3,0,1,19,15,1,0,4,1.12,184,0,0,0.8125,0.5,1,1,28.83333333,14,2.8333,0,0
java\org\apache\lucene\search\Filter.java,9,5,72,6.944445,,,4,44.444443,42.140469,55.506607,33.5,0.465278,6,8.333333,0,0,0,0,0,0,0,0,0,0,0,0,0,0,1,0,0,,0,0,1,100,23.076923,100,0,,0,,9,3.010033,0.003494,1,8,0.334448,2.675585,0.069444,36,0.034351,4.85792,-3.084426,-0.592615,45426,81093,0.658213,0.368712,11.716666,60.933319,0.039056,0.203111,166.476196,0.186838,0.530961,7.944445,0.882716,0.12725,0.006795,0.066311,lucene,2,org.apache.lucene.search.Filter,2,1,3,20,3,1,19,1,2,2,5,0,0,0,0.75,0,0,1.5,1,0.5,0,0
java\org\apache\lucene\store\IndexInput.java,22,41,462,8.874459,,,4,18.181818,48.82943,38.32021,210.5,0.455628,0,0,0,0,0,0,0,0,0,0,0,0,0,0,0,0,0,0,0,0,0,0,0,0,0,0,0,0,0,0,22,7.35786,0.00854,0,22,0,7.35786,0.088745,231,0.047612,6.733319,-1.702913,-0.327183,37610,89700,0.795001,0.333333,1,89.416641,0.003333,0.298055,0,0,3.754551,18.840908,0.856405,0.090218,0.062567,0.346945,lucene,2,org.apache.lucene.store.IndexInput,14,1,3,24,17,89,24,0,14,0.923076923,224,1,0,0,0.271428571,0,0,14.92857143,1,0.9286,0,0
java\org\apache\lucene\analysis\standard\FastCharStream.java,1,0,0,,0,0,1,100,2.006689,100,0,,0,,0,0,0,0,0,0,0,0,0,0,0,0,0,0,0,0,0,0,0,0,0,0,0,0,0,0,0,0,1,0.334448,0.000388,0,1,0,0.334448,,0,0.000149,0.021135,-0.000059,-0.000011,81681,89700,0.366058,0.333333,1,10.583332,0.003333,0.035278,0,0,0,1,1,1,1,0,lucene,2,org.apache.lucene.analysis.standard.FastCharStream,14,1,0,2,25,3,1,1,13,0.602564103,237,0,0,0,0.404761905,0,0,15.5,1,0.9286,0,0
java\org\apache\lucene\search\FieldCacheImpl.java,4,4,12,33.333332,,,1,25,36.454849,65.269463,4,0.333333,0,0,0,0,0,0,0,0,0,0,0,0,0,0,0,0,4,4,12,33.333332,,,1,25,36.454849,65.269463,4,0.333333,0,0,4,1.337793,0.001553,4,0,1.337793,0,0.333333,6,0.020611,2.914876,-4.597528,-0.88333,89700,80496,0.333333,0.371447,13.966666,1,0.046556,0.003333,0,0,0.03125,2,0.5,0.324698,0.029363,0.128474,lucene,2,org.apache.lucene.search.FieldCacheImpl,14,1,0,12,51,67,1,12,8,0.641025641,764,0.666666667,2,0,0.401709402,0,0,53.35714286,2,1.1429,2,1
java\org\apache\lucene\search\ReqExclScorer.java,3,2,6,33.333332,,,1,33.333332,7.023411,55.263157,2,0.333333,0.5,8.333333,0,0,0,0,0,0,0,0,0,0,0,0,0,0,2,1,2,50,,,1,50,7.023411,70,0.5,0.25,0,0,3,1.003345,0.001165,2,1,0.668896,0.334448,0.333333,3,0.001997,0.282374,2.484151,0.477283,89401,80542,0.334448,0.371235,9.711905,2,0.032373,0.006667,0.2,0.000224,0.00112,1.666667,0.555556,0.409648,0.006828,0.106523,lucene,2,org.apache.lucene.search.ReqExclScorer,7,2,0,4,16,0,1,3,6,0.333333333,179,1,2,0.571428571,0.476190476,1,3,24.14285714,1,0.8571,0,0
java\org\apache\lucene\analysis\PorterStemFilter.java,3,1,6,16.666666,,,2,66.666664,6.020067,72,2.5,0.416667,0,0,0,0,0,0,0,0,0,0,0,0,0,0,0,0,3,1,6,16.666666,,,2,66.666664,6.020067,72,2.5,0.416667,0,0,3,1.003345,0.001165,3,0,1.003345,0,0.166667,3,0.000485,0.068654,5.942136,1.141671,89700,88505,0.333333,0.337834,4.5,1,0.015,0.003333,0,0,0.626249,2.333333,0.777778,0.380803,0.005492,0.067227,lucene,2,org.apache.lucene.analysis.PorterStemFilter,2,3,0,4,6,0,0,4,2,0,35,1,1,0.75,0.75,0,0,16,1,0.5,0,0
java\org\apache\lucene\index\IndexModifier.java,8,12,56,21.428572,,,1,12.5,51.839466,41.333332,22,0.392857,4,7.142857,0,0,0,0,0,0,0,0,0,0,0,0,0,0,7,9,42,21.428572,,,1,14.285714,51.505016,41.847828,16.5,0.392857,0,0,8,2.675585,0.003106,7,1,2.341137,0.334448,0.214286,28,0.05071,7.171477,-26.275291,-5.048308,89401,71582,0.334448,0.417703,26.333336,2,0.087778,0.006667,49.5,0.055554,0.239244,5.3125,0.664063,0.156771,0.003068,0.118085,lucene,2,org.apache.lucene.index.IndexModifier,26,1,0,7,55,0,0,7,22,0.344,707,1,4,0,0.184615385,0,0,25.80769231,2,1.1538,2,1
java\org\apache\lucene\index\SegmentTermEnum.java,7,11,42,26.190475,,,1,14.285714,36.120399,73.469391,15.5,0.369048,3,7.142857,0,0,0,0,0,0,0,0,0,0,0,0,0,0,5,4,20,20,,,2,40,35.785954,82.94574,8,0.4,0,0,7,2.341137,0.002717,5,2,1.672241,0.668896,0.261905,21,0.016704,2.362241,-0.300549,-0.057745,67186,86418,0.445033,0.345993,8.833334,22.933336,0.029444,0.076444,77.449997,0.086923,0.102749,4.142857,0.591837,0.258197,0.007995,0.338992,lucene,2,org.apache.lucene.index.SegmentTermEnum,13,2,0,9,38,0,3,6,4,0.75,354,0.571428571,6,0.294117647,0.211538462,1,2,25.15384615,1,0.9231,2,1
java\org\apache\lucene\index\SegmentTermPositionVector.java,3,2,6,33.333332,,,1,33.333332,3.67893,68.75,2,0.333333,0,0,0,0,0,0,0,0,0,0,0,0,0,0,0,0,2,0,2,0,,,2,100,2.006689,85.714287,1,0.5,0,0,3,1.003345,0.001165,2,1,0.668896,0.334448,0.333333,3,0.000792,0.111999,2.002381,0.38472,66891,89102,0.446996,0.33557,3,22.516668,0.01,0.075056,0,0,0.00343,1.666667,0.555556,0.59546,0.081189,0.307407,lucene,2,org.apache.lucene.index.SegmentTermPositionVector,4,2,0,4,5,0,1,3,3,0.666666667,65,0.666666667,1,0.777777778,0.476190476,0,0,14.5,4,2,1,1
java\org\apache\lucene\analysis\WordlistLoader.java,3,0,6,0,,,3,100,11.036789,97.058823,3,0.5,0,0,0,0,0,0,0,0,0,0,0,0,0,0,0,0,0,0,0,0,0,0,0,0,0,0,0,0,0,0,3,1.003345,0.001165,0,3,0,1.003345,0,3,0.003231,0.456981,-0.000111,-0.000021,80462,89700,0.371604,0.333333,1,17.500002,0.003333,0.058333,0,0,0.674471,3,1,0.333333,0,0,lucene,2,org.apache.lucene.analysis.WordlistLoader,4,1,0,2,18,6,2,0,3,2,102,0,0,0,0.25,0,0,24.5,2,1,0,0
java\org\apache\lucene\analysis\LowerCaseFilter.java,3,1,6,16.666666,,,2,66.666664,14.046823,82.352943,2.5,0.416667,2,33.333332,0,0,0,0,0,0,0,0,0,0,0,0,0,0,2,1,2,50,,,1,50,5.685619,70.833336,0.5,0.25,0,0,3,1.003345,0.001165,2,1,0.668896,0.334448,0.166667,3,0.003523,0.498269,4.942101,0.949533,81954,88804,0.364839,0.336697,3.5,14,0.011667,0.046667,13,0.01459,0.091263,2.333333,0.777778,0.380803,0.005492,0.067227,lucene,2,org.apache.lucene.analysis.LowerCaseFilter,2,3,0,4,5,1,1,3,2,2,21,0,0,0.75,0.75,0,0,9.5,1,0.5,0,0
java\org\apache\lucene\index\MultiReader.java,0,0,0,0,0,0,0,0,0,0,0,0,0,0,0,0,0,0,0,0,0,0,0,0,0,0,0,0,0,0,0,0,0,0,0,0,0,0,0,0,0,0,0,0,0,0,0,0,0,,0,0,0,0.000033,0.000006,89700,89700,0.333333,0.333333,1,1,0.003333,0.003333,0,0,0,0,0,0,,0,lucene,2,org.apache.lucene.index.MultiReader,26,2,0,15,56,0,1,14,17,0.668571429,601,1,1,0.696202532,0.174825175,1,5,21.84615385,6,1.3462,9,1
java\org\apache\lucene\search\spans\SpanScorer.java,4,5,12,41.666668,,,1,25,12.374582,56.923077,3.5,0.291667,0,0,0,0,0,0,0,0,0,0,0,0,0,0,0,0,3,2,6,33.333332,,,1,33.333332,12.040133,64.285713,2,0.333333,0,0,4,1.337793,0.001553,3,1,1.003345,0.334448,0.416667,6,0.00668,0.944675,2.547458,0.489447,87025,80514,0.343579,0.371364,11.933331,4.75,0.039778,0.015833,0,0,0.00304,2.125,0.53125,0.345929,0.000535,0.176098,lucene,2,org.apache.lucene.search.spans.SpanScorer,7,2,0,6,25,0,1,5,5,0.520833333,201,1,2,0.571428571,0.30952381,1,3,26.57142857,1,0.8571,2,1
java\org\apache\lucene\search\spans\SpanWeight.java,9,17,72,23.611111,,,1,11.111111,53.177258,48.328266,27.5,0.381944,6,8.333333,0,0,0,0,0,0,0,0,0,0,0,0,0,0,9,17,72,23.611111,,,1,11.111111,53.177258,48.328266,27.5,0.381944,6,8.333333,9,3.010033,0.003494,9,1,3.010033,0.334448,0.236111,36,0.040792,5.768884,1.421962,0.273204,87316,79864,0.342434,0.374386,20.833334,5.333333,0.069444,0.017778,33.016666,0.037055,0.437487,6.4,0.711111,0.16387,0.039077,0.190292,lucene,2,org.apache.lucene.search.spans.SpanWeight,7,1,0,11,37,0,1,11,7,0.69047619,348,1,2,0,0.30952381,0,0,47.71428571,1,0.8571,2,1
java\org\apache\lucene\search\PhrasePositions.java,3,2,6,33.333332,,,1,33.333332,2.675585,47.058823,2,0.333333,0,0,0,0,0,0,0,0,0,0,0,0,0,0,0,0,0,0,0,0,0,0,0,0,0,0,0,0,0,0,3,1.003345,0.001165,0,3,0,1.003345,0.333333,3,0.000621,0.087864,-0.000064,-0.000012,88803,89700,0.3367,0.333333,1,4,0.003333,0.013333,0,0,0.000561,1.666667,0.555556,0.514861,0.028318,0.233333,lucene,2,org.apache.lucene.search.PhrasePositions,5,1,0,5,12,0,4,1,0,0.583333333,94,0,2,0,0.533333333,0,0,16.6,1,0.8,1,1
java\org\apache\lucene\search\SortComparator.java,3,1,6,16.666666,,,2,66.666664,23.745819,94.666664,2.5,0.416667,1,16.666666,0,0,0,0,0,0,0,0,0,0,0,0,0,0,1,0,0,,0,0,1,100,23.076923,100,0,,0,,3,1.003345,0.001165,1,2,0.334448,0.668896,0.166667,3,0.009343,1.321341,-2.696405,-0.518064,88804,80797,0.336697,0.370063,11.966665,3.5,0.039889,0.011667,30,0.033669,0.071866,2.333333,0.777778,0.399077,0.020374,0.088164,lucene,2,org.apache.lucene.search.SortComparator,3,1,0,6,7,3,3,5,2,2,21,0,0,0,0.666666667,0,0,6,1,0.6667,0,0
java\org\apache\lucene\index\FieldInfos.java,21,46,420,10.952381,,,2,9.523809,41.137123,34.844193,187,0.445238,48.5,11.547619,0,0,0,0,0,0,0,0,0,0,0,0,0,0,6,3,30,10,,,3,50,36.120399,48.868778,13.5,0.45,0,0,21,7.023411,0.008152,6,15,2.006689,5.016722,0.109524,210,0.050056,7.079022,-1.007887,-0.193647,64121,87608,0.466306,0.341293,7.5,41.083328,0.025,0.136944,121.48333,0.136342,1.545914,16.880953,0.803855,0.095859,0.025858,0.391321,lucene,2,org.apache.lucene.index.FieldInfos,19,1,0,18,51,145,12,6,15,0.920634921,437,0.285714286,0,0,0.257309942,0,0,21.63157895,7,1.4737,1,1
java\org\apache\lucene\index\CompoundFileWriter.java,5,7,20,35,,,1,20,19.397993,56.31068,6.5,0.325,0.5,2.5,0,0,0,0,0,0,0,0,0,0,0,0,0,0,3,2,6,33.333332,,,1,33.333332,17.391304,65.822784,2,0.333333,0,0,5,1.672241,0.001941,3,2,1.003345,0.668896,0.35,10,0.01147,1.62206,-2.079491,-0.399536,69500,88505,0.430216,0.337834,4.5,25.25001,0.015,0.084167,0.2,0.000224,0.017734,2.4,0.48,0.282077,0.005122,0.185166,lucene,2,org.apache.lucene.index.CompoundFileWriter,6,1,0,6,39,0,1,5,5,0.6,337,1,1,0,0.333333333,0,0,54.33333333,4,1.3333,1,1
java\org\apache\lucene\index\ParallelReader.java,4,5,12,41.666668,,,1,25,45.150501,56.722691,3.5,0.291667,0,0,0,0,0,0,0,0,0,0,0,0,0,0,0,0,3,2,6,33.333332,,,1,33.333332,44.147156,59.192825,2,0.333333,0,0,4,1.337793,0.001553,3,1,1.003345,0.334448,0.416667,6,0.034481,4.876393,-3.173348,-0.6097,89401,80794,0.334448,0.370077,13.133332,2,0.043778,0.006667,0,0,0.000322,1.5,0.375,0.28839,0.000489,0.073857,lucene,2,org.apache.lucene.index.ParallelReader,27,2,0,13,80,193,3,13,21,0.814102564,479,1,0,0.679012346,0.181481481,1,6,16.51851852,2,1.037,6,1
java\org\apache\lucene\search\TermScorer.java,5,3,20,15,,,2,40,22.742476,68.686867,8.5,0.425,0,0,0,0,0,0,0,0,0,0,0,0,0,0,0,0,5,3,20,15,,,2,40,22.742476,68.686867,8.5,0.425,0,0,5,1.672241,0.001941,5,0,1.672241,0,0.15,10,0.011526,1.630009,2.997645,0.575942,89700,80197,0.333333,0.372832,14.599999,1,0.048667,0.003333,0,0,0.049788,3.9,0.78,0.240133,0.010136,0.091419,lucene,2,org.apache.lucene.search.TermScorer,9,2,0,10,32,0,1,9,7,0.545454545,409,1,2,0.5,0.285714286,1,3,43.22222222,2,1,0,0
java\org\apache\lucene\search\FilteredQuery.java,4,2,12,16.666666,,,2,50,23.411371,70.707069,5,0.416667,1,8.333333,0,0,0,0,0,0,0,0,0,0,0,0,0,0,3,0,6,0,,,3,100,20.735786,75.609756,3,0.5,0,0,4,1.337793,0.001553,3,1,1.003345,0.334448,0.166667,6,0.014796,2.092406,-2.704057,-0.519534,89401,80785,0.334448,0.370118,13.333331,2,0.044444,0.006667,0.2,0.000224,0.017642,3.125,0.78125,0.282093,0.00261,0.061288,lucene,2,org.apache.lucene.search.FilteredQuery,9,2,0,8,25,0,1,8,8,0.3125,133,0,2,0.6,0.222222222,2,4,13.55555556,4,1.2222,4,1
java\org\apache\lucene\util\PriorityQueue.java,18,11,306,3.594771,,,8,44.444443,22.073578,58.407078,147.5,0.482026,0,0,0,0,0,0,0,0,0,0,0,0,0,0,0,0,0,0,0,0,0,0,0,0,0,0,0,0,0,0,18,6.020067,0.006988,0,18,0,6.020067,0.035948,153,0.010866,1.536652,-0.009287,-0.001784,62028,89700,0.48204,0.333333,1,46.583309,0.003333,0.155278,0,0,2.262498,16.805555,0.933642,0.087006,0.027982,0.227539,lucene,2,org.apache.lucene.util.PriorityQueue,12,1,10,13,13,0,13,0,8,0.454545455,275,1,0,0,0.444444444,0,0,21.66666667,7,2.0833,0,0
java\org\apache\lucene\search\Similarity.java,26,45,650,6.923077,,,3,11.538462,60.869564,35.61644,302.5,0.465385,89.833336,13.820513,0,0,0,0,0,0,0,0,0,0,0,0,0,0,3,1,6,16.666666,,,2,66.666664,34.448162,75.735291,2.5,0.416667,1,16.666666,26,8.695652,0.010093,3,24,1.003345,8.026756,0.069231,325,0.072169,10.206296,-0.907116,-0.174286,45282,81086,0.660307,0.368744,13.099999,86.166664,0.043667,0.287222,1250.333374,1.403261,7.042187,22.981482,0.883903,0.069284,0.079696,0.269359,lucene,2,org.apache.lucene.search.Similarity,16,1,2,42,25,108,40,4,15,0.866666667,91,1,1,0,0.185185185,0,0,4.5625,1,0.875,3,1
java\org\apache\lucene\search\FuzzyTermEnum.java,4,4,12,33.333332,,,1,25,37.458195,67.878784,4,0.333333,1,8.333333,0,0,0,0,0,0,0,0,0,0,0,0,0,0,3,2,6,33.333332,,,1,33.333332,36.120399,71.052635,2,0.333333,0,0,4,1.337793,0.001553,3,1,1.003345,0.334448,0.333333,6,0.020816,2.943759,-2.415769,-0.464145,83459,80497,0.35826,0.371442,13.466666,9.166668,0.044889,0.030556,3.833333,0.004302,0.022185,2,0.5,0.324275,0.00945,0.135158,lucene,2,org.apache.lucene.search.FuzzyTermEnum,14,3,0,5,29,53,1,4,6,0.692307692,514,1,1,0.541666667,0.333333333,1,4,34.92857143,14,2.2857,0,0
java\org\apache\lucene\store\Lock.java,4,3,12,25,,,2,50,40.802677,65.5914,4.5,0.375,0,0,0,0,0,0,0,0,0,0,0,0,0,0,0,0,0,0,0,0,0,0,0,0,0,0,0,0,0,0,4,1.337793,0.001553,0,4,0,1.337793,0.25,6,0.024111,3.409821,-1.252404,-0.240626,38831,89700,0.770003,0.333333,1,76.583328,0.003333,0.255278,0,0,0.626249,2.75,0.6875,0.263135,0.000326,0.025818,lucene,2,org.apache.lucene.store.Lock,6,1,2,16,14,13,16,0,5,0.8,58,0,0,0,0.6,0,0,8.5,1,0.6667,2,1
java\org\apache\lucene\search\spans\SpanFirstQuery.java,4,1,12,8.333333,,,3,75,22.408028,66.336632,5.5,0.458333,2,16.666666,0,0,0,0,0,0,0,0,0,0,0,0,0,0,3,0,6,0,,,3,100,20.066889,74.074074,3,0.5,0,0,4,1.337793,0.001553,3,1,1.003345,0.334448,0.083333,6,0.01385,1.958671,0.024983,0.0048,89401,79596,0.334448,0.375647,14.833332,2,0.049444,0.006667,0.875,0.000982,0.015798,3.625,0.90625,0.258472,0.000585,0.016598,lucene,2,org.apache.lucene.search.spans.SpanFirstQuery,13,3,0,6,30,0,1,6,11,0.416666667,176,1,1,0.571428571,0.192307692,2,2,12.38461538,6,1.3077,0,0
java\org\apache\lucene\search\TopFieldDocCollector.java,8,6,56,10.714286,,,3,37.5,41.137123,72.352943,25,0.446429,4.5,8.035714,0,0,0,0,0,0,0,0,0,0,0,0,0,0,7,4,42,9.523809,,,3,42.857143,31.438128,81.034485,19,0.452381,0,0,8,2.675585,0.003106,7,1,2.341137,0.334448,0.107143,28,0.019938,2.819653,5.133581,0.986322,75098,79289,0.398146,0.377101,18.816666,25.833334,0.062722,0.086111,120.111908,0.134803,0.734955,6.5,0.8125,0.176732,0.013862,0.180475,lucene,2,org.apache.lucene.search.TopFieldDocCollector,3,3,0,11,13,1,1,10,3,2,70,0,0,0.666666667,0.533333333,1,3,22.33333333,2,1.3333,0,0
java\org\apache\lucene\index\IndexFileNameFilter.java,0,0,0,0,0,0,0,0,0,0,0,0,0,0,0,0,0,0,0,0,0,0,0,0,0,0,0,0,0,0,0,0,0,0,0,0,0,0,0,0,0,0,0,0,0,0,0,0,0,,0,0,0,0.00001,0.000002,89700,89700,0.333333,0.333333,1,1,0.003333,0.003333,0,0,0,0,0,0,,0,lucene,2,org.apache.lucene.index.IndexFileNameFilter,2,1,0,2,9,1,1,1,2,2,48,0,0,0,0.666666667,0,0,23,6,3,0,0
java\org\apache\lucene\analysis\LowerCaseTokenizer.java,3,0,6,0,,,3,100,3.010033,100,3,0.5,2,33.333332,0,0,0,0,0,0,0,0,0,0,0,0,0,0,1,0,0,,0,0,1,100,0.668896,100,0,,0,,3,1.003345,0.001165,1,2,0.334448,0.668896,0,3,0.000188,0.02658,3.945788,0.75811,88208,88509,0.338972,0.337819,3.166667,4.5,0.010556,0.015,16,0.017957,0.833246,3,1,0.333333,0,0,lucene,2,org.apache.lucene.analysis.LowerCaseTokenizer,2,5,0,3,4,1,2,1,1,2,9,0,0,0.875,0.666666667,1,1,3.5,1,0.5,0,0
java\org\apache\lucene\search\Hit.java,4,5,12,41.666668,,,1,25,28.093645,63.157894,3.5,0.291667,0.5,4.166667,0,0,0,0,0,0,0,0,0,0,0,0,0,0,2,1,2,50,,,1,50,26.755854,67.226891,0.5,0.25,0,0,4,1.337793,0.001553,2,2,0.668896,0.668896,0.416667,6,0.023043,3.258747,0.641695,0.12329,89102,88804,0.33557,0.336697,3.5,3,0.011667,0.01,1,0.001122,0.022268,1.5,0.375,0.401755,0.019215,0.259199,lucene,2,org.apache.lucene.search.Hit,8,1,0,3,19,2,1,2,6,0.178571429,116,1,2,0,0.34375,0,0,13,2,1,1,1
java\org\apache\lucene\search\DisjunctionMaxQuery.java,2,1,2,50,,,1,50,21.73913,89.0411,0.5,0.25,0,0,0,0,0,0,0,0,0,0,0,0,0,0,0,0,1,0,0,,0,0,1,100,19.397993,100,0,,0,,2,0.668896,0.000776,1,1,0.334448,0.334448,0.5,1,0.012503,1.768127,-1.864666,-0.358261,89401,80789,0.334448,0.3701,11.999999,2,0.04,0.006667,0,0,0,1.25,0.625,0.542708,0.001679,0.04153,lucene,2,org.apache.lucene.search.DisjunctionMaxQuery,14,2,0,6,38,0,1,6,11,0.384615385,318,1,0,0.5,0.171428571,2,5,21.57142857,6,1.5714,1,1
java\org\apache\lucene\index\FieldsWriter.java,6,9,30,30,,,1,16.666666,36.120399,45.762711,10.5,0.35,1,3.333333,0,0,0,0,0,0,0,0,0,0,0,0,0,0,5,6,20,30,,,1,20,34.448162,47.031963,7,0.35,0,0,6,2.006689,0.002329,5,1,1.672241,0.334448,0.3,15,0.032256,4.561705,-1.359278,-0.26116,69799,87311,0.428373,0.342454,7.5,24.25001,0.025,0.080833,0.75,0.000842,0.032267,3.25,0.541667,0.210251,0.001844,0.122236,lucene,2,org.apache.lucene.index.FieldsWriter,4,1,0,7,38,0,2,5,0,0.888888889,224,0.5,3,0,0.375,0,0,53.5,2,1,2,1
java\org\apache\lucene\index\SegmentTermPositions.java,3,4,6,66.666664,,,1,33.333332,12.040133,64.285713,1,0.166667,0,0,0,0,0,0,0,0,0,0,0,0,0,0,0,0,3,4,6,66.666664,,,1,33.333332,12.040133,64.285713,1,0.166667,0,0,3,1.003345,0.001165,3,1,1.003345,0.334448,0.666667,3,0.005343,0.755674,0.351917,0.067614,67713,76631,0.44157,0.390182,18.716671,27.750011,0.062389,0.0925,0,0,0,1.25,0.416667,0.481247,0.173176,0.145227,lucene,2,org.apache.lucene.index.SegmentTermPositions,8,2,0,5,17,0,1,5,4,0.523809524,108,1,1,0.611111111,0.3,1,3,12.125,1,0.875,4,1
java\org\apache\lucene\search\FilteredTermEnum.java,6,7,30,23.333334,,,1,16.666666,27.759197,66.400002,11.5,0.383333,4,13.333333,0,0,0,0,0,0,0,0,0,0,0,0,0,0,2,1,2,50,,,1,50,26.086956,82.105263,0.5,0.25,0,0,6,2.006689,0.002329,2,4,0.668896,1.337793,0.233333,15,0.017609,2.490337,-0.23176,-0.044528,82264,89102,0.363464,0.33557,3,12.666665,0.01,0.042222,3.75,0.004209,0.00824,3.666667,0.611111,0.259898,0.052817,0.22058,lucene,2,org.apache.lucene.search.FilteredTermEnum,9,2,2,7,14,8,5,2,6,0.5,103,1,2,0.384615385,0.407407407,1,2,10.22222222,2,1,0,0
java\org\apache\lucene\index\SegmentReader.java,23,62,506,12.252964,,,1,4.347826,51.839466,40.051678,222,0.438735,99.199997,19.604744,0,0,0,0,0,0,0,0,0,0,0,0,0,0,14,29,182,15.934066,,,1,7.142857,40.133778,48.780487,76.5,0.42033,18.833334,10.347985,23,7.692307,0.008929,14,11,4.682274,3.67893,0.12253,253,0.05334,7.543354,-1.414158,-0.271704,67640,76595,0.442046,0.390365,27.033335,42.999996,0.090111,0.143333,941.692871,1.056871,2.143459,18.16,0.789565,0.103102,0.078019,0.453491,lucene,2,org.apache.lucene.index.SegmentReader,40,2,0,29,123,576,6,26,19,0.883861237,1200,0.470588235,8,0.591397849,0.136752137,1,5,28.575,26,1.75,11,1
java\org\apache\lucene\search\FieldSortedHitQueue.java,5,3,20,15,,,2,40,30.100334,86.53846,8.5,0.425,1,5,0,0,0,0,0,0,0,0,0,0,0,0,0,0,4,0,12,0,,,4,100,30.100334,93.75,6,0.5,0,0,5,1.672241,0.001941,4,1,1.337793,0.334448,0.15,10,0.010117,1.430704,-0.60254,-0.115767,74848,80192,0.399476,0.372855,15.066666,18.416666,0.050222,0.061389,1.342857,0.001507,0.320418,3.8,0.76,0.270654,0.016738,0.155676,lucene,2,org.apache.lucene.search.FieldSortedHitQueue,16,2,0,15,55,98,1,14,4,0.833333333,498,0.75,2,0.44,0.296296296,1,3,29.875,7,1.5625,2,1
java\org\apache\lucene\analysis\PerFieldAnalyzerWrapper.java,3,0,6,0,,,3,100,7.692307,88.46154,3,0.5,2,33.333332,0,0,0,0,0,0,0,0,0,0,0,0,0,0,1,0,0,,0,0,1,100,4.347826,100,0,,0,,3,1.003345,0.001165,1,2,0.334448,0.668896,0,3,0.004721,0.667699,2.956904,0.568114,89102,88806,0.33557,0.336689,2.833333,3,0.009444,0.01,1.333333,0.001496,0.13076,3,1,0.333333,0,0,lucene,2,org.apache.lucene.analysis.PerFieldAnalyzerWrapper,4,2,0,2,13,0,0,2,4,0.166666667,57,1,1,0.4,0.5625,0,0,12.75,2,1,1,1
java\org\apache\lucene\search\BooleanQuery.java,30,48,870,5.517241,,,5,16.666666,34.113712,23.340961,411,0.472414,39.366665,4.524904,0,0,0,0,0,0,0,0,0,0,0,0,0,0,3,2,6,33.333332,,,2,66.666664,19.732441,75.641029,2,0.333333,2,33.333332,30,10.033444,0.011646,3,28,1.003345,9.364549,0.055172,435,0.10492,14.837955,-0.844445,-0.162244,45466,81084,0.657634,0.368753,12.666664,68.400024,0.042222,0.228,123.235825,0.138309,0.607883,26.645161,0.888172,0.058143,0.119275,0.219867,lucene,2,org.apache.lucene.search.BooleanQuery,22,2,0,20,60,79,12,12,19,0.742857143,439,1,0,0.387096774,0.119047619,2,6,18.72727273,12,1.7273,4,1
java\org\apache\lucene\index\TermInfo.java,5,4,20,20,,,2,40,9.698997,59.183674,8,0.4,0,0,0,0,0,0,0,0,0,0,0,0,0,0,0,0,0,0,0,0,0,0,0,0,0,0,0,0,0,0,5,1.672241,0.001941,0,5,0,1.672241,0.2,10,0.005567,0.787297,0.013196,0.002535,66520,89700,0.449489,0.333333,1,31.250023,0.003333,0.104167,0,0,0.019856,3.7,0.74,0.283219,0.005549,0.187302,lucene,2,org.apache.lucene.index.TermInfo,5,1,0,8,6,0,8,0,0,0.125,100,0,0,0,0.55,0,0,18.2,1,0.4,0,0
java\org\apache\lucene\index\Term.java,77,179,5852,3.058783,,,1,1.298701,64.548492,20.35865,2836.5,0.484706,0,0,0,0,0,0,0,0,0,0,0,0,0,0,0,0,0,0,0,0,0,0,0,0,0,0,0,0,0,0,77,25.752508,0.029891,0,77,0,25.752508,0.030588,2926,0.223637,31.627098,-1.504935,-0.289145,42862,89700,0.697588,0.333333,1,113.833351,0.003333,0.379445,0,0,10.844344,72.694809,0.944088,0.030196,0.130604,0.363563,lucene,2,org.apache.lucene.index.Term,12,1,0,58,21,0,58,0,9,0.136363636,128,0,0,0,0.291666667,1,1,9.5,4,1.1667,1,1
java\org\apache\lucene\search\ConstantScoreQuery.java,4,2,12,16.666666,,,2,50,22.742476,78.160919,5,0.416667,2,16.666666,0,0,0,0,0,0,0,0,0,0,0,0,0,0,2,0,2,0,,,2,100,20.401339,91.044777,1,0.5,0,0,4,1.337793,0.001553,2,2,0.668896,0.668896,0.166667,6,0.01422,2.011008,-3.918256,-0.75282,88804,80787,0.336697,0.370109,12.666663,3.5,0.042222,0.011667,1.25,0.001403,0.013365,3.25,0.8125,0.299298,0.021422,0.086322,lucene,2,org.apache.lucene.search.ConstantScoreQuery,7,2,0,8,18,9,3,6,6,0.5,89,1,1,0.666666667,0.265306122,2,3,11.57142857,5,1.5714,1,1
java\org\apache\lucene\search\RemoteSearchable.java,12,12,132,9.090909,,,4,33.333332,52.173912,44.57143,60,0.454545,10,7.575758,0,0,0,0,0,0,0,0,0,0,0,0,0,0,10,3,90,3.333333,,,7,70,51.505016,48.580441,43.5,0.483333,0,0,12,4.013378,0.004658,10,2,3.344482,0.668896,0.090909,66,0.051854,7.333197,3.577545,0.687359,89102,78384,0.33557,0.381455,22.166668,3,0.073889,0.01,5.119048,0.005745,0.586419,10.125,0.84375,0.101636,0.003547,0.101941,lucene,2,org.apache.lucene.search.RemoteSearchable,12,4,0,12,29,0,0,12,12,0,113,1,1,0.620689655,0.21969697,0,0,8.333333333,1,0.9167,2,1
java\org\apache\lucene\index\FilterIndexReader.java,1,0,0,,0,0,1,100,23.076923,100,0,,0,,0,0,0,0,0,0,0,0,0,0,0,0,0,0,1,0,0,,0,0,1,100,23.076923,100,0,,0,,1,0.334448,0.000388,1,0,0.334448,0,,0,0.008244,1.16593,-2.69633,-0.51805,89700,80797,0.333333,0.370063,11.966666,1,0.039889,0.003333,0,0,0,1,1,1,1,0,lucene,2,org.apache.lucene.index.FilterIndexReader,24,2,0,9,49,0,0,9,19,0,142,1,1,0.705128205,0.21875,1,5,4.875,1,0.9583,4,1
java\org\apache\lucene\queryParser\MultiFieldQueryParser.java,8,16,56,28.571428,,,1,12.5,31.772575,55.232559,20,0.357143,2.166667,3.869048,0,0,0,0,0,0,0,0,0,0,0,0,0,0,7,14,42,33.333332,,,1,14.285714,30.100334,55.90062,14,0.333333,0,0,8,2.675585,0.003106,7,1,2.341137,0.334448,0.285714,28,0.025953,3.670281,3.718853,0.714508,89401,74230,0.334448,0.402802,25.500004,2,0.085,0.006667,2.272727,0.002551,0.055758,5.0625,0.632813,0.200945,0.041135,0.241625,lucene,2,org.apache.lucene.queryParser.MultiFieldQueryParser,10,2,0,9,27,15,0,9,4,0.333333333,382,1,0,0.842105263,0.3375,1,6,37.1,1,0.9,1,1
java\org\apache\lucene\index\SegmentMergeQueue.java,4,4,12,33.333332,,,1,25,34.113712,87.179489,4,0.333333,0,0,0,0,0,0,0,0,0,0,0,0,0,0,0,0,3,1,6,16.666666,,,2,66.666664,30.76923,92,2.5,0.416667,0,0,4,1.337793,0.001553,3,1,1.003345,0.334448,0.333333,6,0.013203,1.867136,-1.41055,-0.271011,69799,80226,0.428373,0.372697,11.576189,24.25001,0.038587,0.080833,0,0,0.058709,2.375,0.59375,0.3401,0.010623,0.162049,lucene,2,org.apache.lucene.index.SegmentMergeQueue,3,2,0,5,9,3,2,3,0,2,47,0,0,0.846153846,0.555555556,1,3,14.66666667,4,1.6667,0,0
java\org\apache\lucene\util\ToStringUtils.java,15,13,210,6.190476,,,7,46.666668,22.073578,40,98.5,0.469048,0,0,0,0,0,0,0,0,0,0,0,0,0,0,0,0,0,0,0,0,0,0,0,0,0,0,0,0,0,0,15,5.016722,0.005823,0,15,0,5.016722,0.061905,105,0.028566,4.039849,0.216424,0.041582,45264,89700,0.660569,0.333333,1,57.314308,0.003333,0.191048,0,0,0.139053,13.466666,0.897778,0.086699,0.018238,0.127167,lucene,2,org.apache.lucene.util.ToStringUtils,2,1,0,15,7,1,15,0,2,2,21,0,0,0,0.5,0,0,9.5,2,1,0,0
java\org\apache\lucene\search\ScoreDoc.java,4,2,12,16.666666,,,2,50,5.016722,62.5,5,0.416667,0,0,0,0,0,0,0,0,0,0,0,0,0,0,0,0,0,0,0,0,0,0,0,0,0,0,0,0,0,0,4,1.337793,0.001553,0,4,0,1.337793,0.166667,6,0.001875,0.265188,-1.148915,-0.220743,44087,89700,0.678204,0.333333,1,46.316666,0.003333,0.154389,0,0,0.013937,3,0.75,0.327881,0.013537,0.139881,lucene,2,org.apache.lucene.search.ScoreDoc,1,1,1,19,2,0,19,0,1,2,12,0,0,0,1,0,0,9,0,0,0,0
java\org\apache\lucene\analysis\LengthFilter.java,4,3,12,25,,,1,25,7.692307,52.272728,4.5,0.375,2,16.666666,0,0,0,0,0,0,0,0,0,0,0,0,0,0,3,2,6,33.333332,,,1,33.333332,7.35786,53.658535,2,0.333333,0,0,4,1.337793,0.001553,3,1,1.003345,0.334448,0.25,6,0.000882,0.124776,5.937547,1.140789,89401,88803,0.334448,0.3367,4,2,0.013333,0.006667,2,0.002245,0.016054,2.5,0.625,0.351522,0.019564,0.177871,lucene,2,org.apache.lucene.analysis.LengthFilter,2,3,0,3,6,0,0,3,2,0,41,0,0,0.75,0.666666667,0,0,18.5,1,0.5,0,0
java\org\apache\lucene\search\IndexSearcher.java,54,62,2862,2.166317,,,14,25.925926,61.204014,24.4,1400,0.489168,260.833344,9.113673,0,0,0,0,0,0,0,0,0,0,0,0,0,0,7,5,42,11.904762,,,2,28.571428,50.836121,72.727272,18.5,0.440476,0,0,54,18.0602,0.020963,7,47,2.341137,15.719064,0.021663,1431,0.195334,27.624359,4.24298,0.81521,75349,78674,0.39682,0.380049,21.833336,48.5,0.072778,0.161667,423.755951,0.475585,3.852533,51.953705,0.962106,0.026608,0.072776,0.132569,lucene,2,org.apache.lucene.search.IndexSearcher,14,2,0,19,32,1,3,17,13,0.346153846,157,0.5,1,0.6875,0.202380952,1,3,10.07142857,1,0.7143,2,1
java\org\apache\lucene\queryParser\ParseException.java,3,2,6,33.333332,,,1,33.333332,14.381271,81.132072,2,0.333333,0.5,8.333333,0,0,0,0,0,0,0,0,0,0,0,0,0,0,1,0,0,,0,0,1,100,1.003345,100,0,,0,,3,1.003345,0.001165,1,2,0.334448,0.668896,0.333333,3,0.008029,1.135448,0.999902,0.192113,84336,89401,0.354534,0.334448,2,10.666666,0.006667,0.035556,0.5,0.000561,0.01244,1.666667,0.555556,0.45288,0.042204,0.152381,lucene,2,org.apache.lucene.queryParser.ParseException,5,3,0,3,18,0,2,1,4,0.55,387,0.4,1,0.866666667,0.4,1,1,75.4,14,4.8,0,0
java\org\apache\lucene\search\Scorer.java,17,27,272,9.926471,,,2,11.764706,29.096991,54.71698,122.5,0.450368,20.700001,7.610294,0,0,0,0,0,0,0,0,0,0,0,0,0,0,3,0,6,0,,,3,100,11.705686,77.777779,3,0.5,0,0,17,5.685619,0.006599,3,14,1.003345,4.682274,0.099265,136,0.017337,2.451883,1.030019,0.197899,69130,80812,0.432518,0.369995,11.433331,41.5,0.038111,0.138333,131.949997,0.148089,1.268632,14.176471,0.83391,0.165416,0.13138,0.534238,lucene,2,org.apache.lucene.search.Scorer,9,1,15,33,11,34,30,3,7,0.875,47,1,1,0,0.416666667,0,0,4.111111111,1,0.8889,0,0
java\org\apache\lucene\index\IndexReader.java,69,209,4692,4.454391,,,3,4.347826,66.889633,20.833334,2241.5,0.477728,365.75,7.795183,0,0,0,0,0,0,0,0,0,0,0,0,0,0,10,8,90,8.888889,,,4,40,50.501671,51.18644,41,0.455556,0,0,69,23.076923,0.026786,10,59,3.344482,19.732441,0.044544,2346,0.190061,26.878744,-3.733735,-0.717368,45281,81067,0.660321,0.368831,17.866667,99.999985,0.059556,0.333333,1414.973755,1.588038,10.913245,63.586956,0.92155,0.040343,0.164205,0.43627,lucene,2,org.apache.lucene.index.IndexReader,57,1,4,80,108,1504,66,16,43,0.867346939,724,1,3,0,0.115288221,0,0,11.57894737,12,1.1754,11,1
java\org\apache\lucene\analysis\StopAnalyzer.java,6,0,30,0,,,6,100,8.695652,86.666664,15,0.5,9,30,0,0,0,0,0,0,0,0,0,0,0,0,0,0,3,0,6,0,,,3,100,3.344482,90.909088,3,0.5,0,0,6,2.006689,0.002329,3,3,1.003345,1.003345,0,15,0.0043,0.608086,11.798788,2.266918,88803,87019,0.3367,0.343603,6.416667,4,0.021389,0.013333,22,0.024691,1.674953,6,1,0.166667,0,0,lucene,2,org.apache.lucene.analysis.StopAnalyzer,7,2,0,6,13,0,1,5,6,0.5,197,0.5,0,0.666666667,0.333333333,0,0,26.85714286,1,0.1429,0,0
java\org\apache\lucene\index\TermVectorsReader.java,9,11,72,15.277778,,,1,11.111111,22.408028,51.145039,30.5,0.423611,10,13.888889,0,0,0,0,0,0,0,0,0,0,0,0,0,0,6,5,30,16.666666,,,2,33.333332,20.735786,65.263161,12.5,0.416667,0,0,9,3.010033,0.003494,6,3,2.006689,1.003345,0.152778,36,0.014551,2.057866,3.152816,0.605755,67114,86416,0.445511,0.346001,9.5,29.916681,0.031667,0.099722,160.449997,0.180075,1.287311,6.722222,0.746914,0.191316,0.023826,0.295284,lucene,2,org.apache.lucene.index.TermVectorsReader,9,1,0,8,36,8,1,7,0,0.625,648,1,4,0,0.24691358,0,0,70.22222222,4,1.2222,2,1
java\org\apache\lucene\analysis\standard\StandardTokenizerTokenManager.java,3,1,6,16.666666,,,2,66.666664,2.341137,70,2.5,0.416667,1,16.666666,0,0,0,0,0,0,0,0,0,0,0,0,0,0,2,0,2,0,,,2,100,1.337793,100,1,0.5,0,0,3,1.003345,0.001165,2,1,0.668896,0.334448,0.166667,3,0.000157,0.022177,1.999941,0.384252,81681,89102,0.366058,0.33557,3,10.583332,0.01,0.035278,27,0.030302,0.626249,2.333333,0.777778,0.459877,0.024312,0.166667,lucene,2,org.apache.lucene.analysis.standard.StandardTokenizerTokenManager,22,1,0,5,38,153,1,4,7,0.848484848,3709,0.121212121,1,0,0.380952381,0,0,166.0909091,236,13.7727,1,1
java\org\apache\lucene\analysis\ISOLatin1AccentFilter.java,4,3,12,25,,,1,25,7.692307,52.272728,4.5,0.375,2,16.666666,0,0,0,0,0,0,0,0,0,0,0,0,0,0,3,2,6,33.333332,,,1,33.333332,7.35786,53.658535,2,0.333333,0,0,4,1.337793,0.001553,3,1,1.003345,0.334448,0.25,6,0.000882,0.124776,5.937503,1.140781,89401,88803,0.334448,0.3367,4,2,0.013333,0.006667,2,0.002245,0.016054,2.5,0.625,0.351522,0.019564,0.177871,lucene,2,org.apache.lucene.analysis.ISOLatin1AccentFilter,3,3,0,3,16,3,0,3,3,2,178,0,0,0.6,0.444444444,0,0,58.33333333,3,1.3333,1,1
java\org\apache\lucene\search\SortField.java,6,3,30,10,,,4,66.666664,10.033444,52.63158,13.5,0.45,0,0,0,0,0,0,0,0,0,0,0,0,0,0,0,0,0,0,0,0,0,0,0,0,0,0,0,0,0,0,6,2.006689,0.002329,0,6,0,2.006689,0.1,15,0.010973,1.551798,-0.768392,-0.147632,44383,89700,0.673681,0.333333,1,46.983334,0.003333,0.156611,0,0,0.095564,5,0.833333,0.19636,0.00684,0.082108,lucene,2,org.apache.lucene.search.SortField,15,1,0,9,22,0,8,1,14,0.852040816,297,0.285714286,3,0,0.380952381,0,0,17.86666667,7,0.8,0,0
java\org\apache\lucene\queryParser\FastCharStream.java,1,0,0,,0,0,1,100,11.705686,100,0,,0,,0,0,0,0,0,0,0,0,0,0,0,0,0,0,0,0,0,0,0,0,0,0,0,0,0,0,0,0,1,0.334448,0.000388,0,1,0,0.334448,,0,0.003958,0.559769,0.000024,0.000005,84337,89700,0.35453,0.333333,1,10.166666,0.003333,0.033889,0,0,0,1,1,1,1,0,lucene,2,org.apache.lucene.queryParser.FastCharStream,14,1,0,2,25,3,1,1,13,0.602564103,237,0,0,0,0.404761905,0,0,15.5,1,0.9286,0,0
java\org\apache\lucene\search\WildcardTermEnum.java,4,3,12,25,,,1,25,36.120399,68.78981,4.5,0.375,2,16.666666,0,0,0,0,0,0,0,0,0,0,0,0,0,0,3,2,6,33.333332,,,1,33.333332,36.120399,71.052635,2,0.333333,0,0,4,1.337793,0.001553,3,1,1.003345,0.334448,0.25,6,0.019598,2.771641,-2.415768,-0.464145,83758,80497,0.356981,0.371442,13.466666,8.5,0.044889,0.028333,7.666667,0.008604,0.031239,2.5,0.625,0.311627,0.030789,0.10503,lucene,2,org.apache.lucene.search.WildcardTermEnum,6,3,0,5,20,5,1,4,5,0.825,247,0,1,0.722222222,0.333333333,1,4,38.83333333,16,3.6667,0,0
java\org\apache\lucene\search\Sort.java,8,8,56,14.285714,,,2,25,28.093645,59.574467,24,0.428571,5,8.928572,0,0,0,0,0,0,0,0,0,0,0,0,0,0,1,0,0,,0,0,1,100,2.006689,100,0,,0,,8,2.675585,0.003106,1,7,0.334448,2.341137,0.142857,28,0.026225,3.708842,-0.148747,-0.028579,45139,89401,0.662398,0.334448,2,59.549988,0.006667,0.1985,71.661903,0.080427,0.087074,6.1875,0.773438,0.1654,0.015041,0.141619,lucene,2,org.apache.lucene.search.Sort,14,1,0,12,22,61,11,1,13,0.692307692,175,0,3,0,0.320512821,0,0,11.28571429,3,0.7143,0,0
java\org\apache\lucene\search\DefaultSimilarity.java,0,0,0,0,0,0,0,0,0,0,0,0,0,0,0,0,0,0,0,0,0,0,0,0,0,0,0,0,0,0,0,0,0,0,0,0,0,0,0,0,0,0,0,0,0,0,0,0,0,,0,0,0,0.000064,0.000012,89700,89700,0.333333,0.333333,1,1,0.003333,0.003333,0,0,0,0,0,0,,0,lucene,2,org.apache.lucene.search.DefaultSimilarity,7,2,0,3,10,21,3,1,7,2,54,0,0,0.7,0.5,1,2,6.714285714,1,0.8571,0,0
java\org\apache\lucene\search\ConstantScoreRangeQuery.java,4,2,12,16.666666,,,2,50,23.745819,83.529411,5,0.416667,2,16.666666,0,0,0,0,0,0,0,0,0,0,0,0,0,0,3,1,6,16.666666,,,2,66.666664,21.404682,94.117645,2.5,0.416667,0,0,4,1.337793,0.001553,3,1,1.003345,0.334448,0.166667,6,0.014374,2.032856,-6.642663,-1.276264,89401,80188,0.334448,0.372874,14.499996,2,0.048333,0.006667,2,0.002245,0.015493,3.25,0.8125,0.298696,0.020938,0.085403,lucene,2,org.apache.lucene.search.ConstantScoreRangeQuery,10,2,0,5,24,0,0,5,10,0.444444444,313,1,0,0.571428571,0.3,2,3,29.8,13,3.1,0,0
java\org\apache\lucene\analysis\TokenFilter.java,7,6,42,14.285714,,,1,14.285714,7.35786,55,18,0.428571,0,0,0,0,0,0,0,0,0,0,0,0,0,0,0,0,1,0,0,,0,0,1,100,5.685619,100,0,,0,,7,2.341137,0.002717,1,6,0.334448,2.006689,0.142857,21,0.001023,0.144629,1.980915,0.380596,78103,89103,0.382828,0.335567,2.5,18.583332,0.008333,0.061944,0,0,0.078712,5.285714,0.755102,0.277012,0.187502,0.281373,lucene,2,org.apache.lucene.analysis.TokenFilter,2,2,6,7,4,0,6,1,1,0,13,1,1,0.666666667,0.75,0,0,5,1,0.5,0,0
java\org\apache\lucene\search\PhraseQueue.java,2,1,2,50,,,1,50,7.35786,84.615387,0.5,0.25,0,0,0,0,0,0,0,0,0,0,0,0,0,0,0,0,1,0,0,,0,0,1,100,6.020067,100,0,,0,,2,0.668896,0.000776,1,1,0.334448,0.334448,0.5,1,0.000723,0.102293,0.990958,0.190394,88805,89401,0.336693,0.334448,2,3,0.006667,0.01,0,0,0,1,0.5,0.594956,0.002923,0.090278,lucene,2,org.apache.lucene.search.PhraseQueue,2,2,0,5,4,1,3,2,0,2,37,0,0,0.916666667,0.666666667,1,3,17.5,4,2,1,1
java\org\apache\lucene\store\MMapDirectory.java,1,0,0,,0,0,1,100,5.351171,100,0,,0,,0,0,0,0,0,0,0,0,0,0,0,0,0,0,1,0,0,,0,0,1,100,5.351171,100,0,,0,,1,0.334448,0.000388,1,0,0.334448,0,,0,0.001914,0.270687,1.476978,0.283774,89700,89103,0.333333,0.335567,2.5,1,0.008333,0.003333,0,0,0,1,1,1,1,0,lucene,2,org.apache.lucene.store.MMapDirectory,2,3,0,5,10,1,0,5,2,1,48,1,0,0.972222222,0.75,0,0,22.5,1,0.5,0,0
java\org\apache\lucene\search\Explanation.java,13,12,156,7.692307,,,2,15.384615,31.438128,59.119495,72,0.461538,0,0,0,0,0,0,0,0,0,0,0,0,0,0,0,0,0,0,0,0,0,0,0,0,0,0,0,0,0,0,13,4.347826,0.005047,0,13,0,4.347826,0.076923,78,0.023695,3.35099,-0.540976,-0.103938,45120,89700,0.662677,0.333333,1,64.666656,0.003333,0.215556,0,0,1.582192,11.384615,0.87574,0.135758,0.138573,0.232143,lucene,2,org.apache.lucene.search.Explanation,11,1,0,33,19,41,33,0,10,0.633333333,186,1,0,0,0.309090909,0,0,15.63636364,4,1.4545,2,1
java\org\apache\lucene\index\SegmentMergeInfo.java,5,7,20,35,,,1,20,38.795986,62.702702,6.5,0.325,2.5,12.5,0,0,0,0,0,0,0,0,0,0,0,0,0,0,3,3,6,50,,,1,33.333332,36.120399,65.853661,1.5,0.25,0,0,5,1.672241,0.001941,3,2,1.003345,0.668896,0.35,10,0.022819,3.227147,-2.93664,-0.564221,69500,80795,0.430216,0.370072,12.966666,25.25001,0.043222,0.084167,29.5,0.033108,0.017334,2.5,0.5,0.279413,0.01554,0.174641,lucene,2,org.apache.lucene.index.SegmentMergeInfo,5,1,0,7,14,0,3,4,0,0.75,108,0.333333333,4,0,0.4,0,0,19.4,5,1.6,0,0
java\org\apache\lucene\index\SegmentTermDocs.java,11,17,110,15.454545,,,1,9.090909,35.785954,58.79121,46.5,0.422727,17.5,15.909091,0,0,0,0,0,0,0,0,0,0,0,0,0,0,8,11,56,19.642857,,,1,12.5,34.782608,63.030304,22.5,0.401786,2.5,4.464286,11,3.67893,0.00427,8,4,2.675585,1.337793,0.154545,55,0.022233,3.144241,0.439972,0.084532,67710,76624,0.441589,0.390217,21.550005,29.250013,0.071833,0.0975,93.383331,0.104805,0.502159,8.083333,0.734848,0.189429,0.149953,0.332555,lucene,2,org.apache.lucene.index.SegmentTermDocs,12,1,1,11,23,16,2,10,8,0.670454545,420,0.875,4,0,0.197916667,0,0,32.66666667,1,0.9167,2,1
java\org\apache\lucene\index\CompoundFileReader.java,5,8,20,40,,,1,20,32.441471,59.509201,6,0.3,0,0,0,0,0,0,0,0,0,0,0,0,0,0,0,0,2,1,2,50,,,1,50,16.722408,78.125,0.5,0.25,0,0,5,1.672241,0.001941,2,3,0.668896,1.003345,0.4,10,0.018349,2.594872,-2.087046,-0.400987,44827,88506,0.667009,0.33783,4,60.983311,0.013333,0.203278,0,0,0.02638,2.1,0.42,0.263365,0.00496,0.14525,lucene,2,org.apache.lucene.index.CompoundFileReader,14,2,0,10,38,43,3,7,14,0.75,246,1,2,0.458333333,0.595238095,0,0,16.28571429,1,0.9286,1,1
java\org\apache\lucene\search\PhraseQuery.java,11,19,110,17.272728,,,1,9.090909,42.809364,42.666668,45.5,0.413636,8.5,7.727273,0,0,0,0,0,0,0,0,0,0,0,0,0,0,4,3,12,25,,,1,25,36.120399,57.754009,4.5,0.375,0,0,11,3.67893,0.00427,4,7,1.337793,2.341137,0.172727,55,0.049223,6.961219,-1.26937,-0.243886,82841,80486,0.360932,0.371493,14.33333,15.666667,0.047778,0.052222,7.153247,0.008028,0.152381,7.772727,0.706612,0.121588,0.015392,0.14614,lucene,2,org.apache.lucene.search.PhraseQuery,15,2,0,9,43,0,3,7,11,0.589285714,302,1,0,0.461538462,0.191666667,2,3,18.86666667,6,1.8,0,0
java\org\apache\lucene\search\spans\NearSpans.java,5,4,20,20,,,2,40,41.471573,77.5,8,0.4,1.333333,6.666667,0,0,0,0,0,0,0,0,0,0,0,0,0,0,5,4,20,20,,,2,40,41.471573,77.5,8,0.4,1.333333,6.666667,5,1.672241,0.001941,5,1,1.672241,0.334448,0.2,10,0.017912,2.5332,6.691903,1.285725,88805,78687,0.336693,0.379987,19.166666,3,0.063889,0.01,5.833333,0.006547,0.165705,4,0.8,0.277651,0.106702,0.130666,lucene,2,org.apache.lucene.search.spans.NearSpans,22,1,0,6,52,95,3,6,7,0.748917749,563,1,5,0,0.194805195,0,0,24.09090909,5,1.5,1,1
java\org\apache\lucene\search\Hits.java,0,0,0,0,0,0,0,0,0,0,0,0,0,0,0,0,0,0,0,0,0,0,0,0,0,0,0,0,0,0,0,0,0,0,0,0,0,0,0,0,0,0,0,0,0,0,0,0,0,,0,0,0,0.000012,0.000002,89700,89700,0.333333,0.333333,1,1,0.003333,0.003333,0,0,0,0,0,0,,0,lucene,2,org.apache.lucene.search.Hits,11,1,0,12,28,19,3,11,5,0.64,338,1,6,0,0.324675325,0,0,28.81818182,4,1.1818,1,1
java\org\apache\lucene\queryParser\Token.java,3,2,6,33.333332,,,1,33.333332,11.705686,85.365852,2,0.333333,0,0,0,0,0,0,0,0,0,0,0,0,0,0,0,0,0,0,0,0,0,0,0,0,0,0,0,0,0,0,3,1.003345,0.001165,0,3,0,1.003345,0.333333,3,0.004494,0.635603,-0.000121,-0.000023,83739,89700,0.357062,0.333333,1,12.166666,0.003333,0.040556,0,0,0.001122,1.666667,0.555556,0.543744,0.104622,0.24127,lucene,2,org.apache.lucene.queryParser.Token,3,1,0,4,4,3,4,0,3,1.4375,23,0,2,0,0.5,0,0,4,2,1,0,0
java\org\apache\lucene\search\spans\SpanTermQuery.java,7,8,42,19.047619,,,2,28.571428,38.795986,57.142857,17,0.404762,4.5,10.714286,0,0,0,0,0,0,0,0,0,0,0,0,0,0,3,0,6,0,,,3,100,35.785954,71.333336,3,0.5,0,0,7,2.341137,0.002717,3,4,1.003345,1.337793,0.190476,21,0.032172,4.549786,-1.140312,-0.21909,88504,80785,0.337838,0.370118,13.333332,5,0.044444,0.016667,1.875,0.002104,0.031796,4.928571,0.704082,0.181348,0.010512,0.121033,lucene,2,org.apache.lucene.search.spans.SpanTermQuery,10,3,0,6,27,0,1,6,9,0.111111111,116,1,1,0.64,0.214285714,2,2,10.5,4,1.3,1,1
java\org\apache\lucene\util\StringHelper.java,3,0,6,0,,,3,100,4.013378,75,3,0.5,0,0,0,0,0,0,0,0,0,0,0,0,0,0,0,0,0,0,0,0,0,0,0,0,0,0,0,0,0,0,3,1.003345,0.001165,0,3,0,1.003345,0,3,0.001517,0.214525,-0.008572,-0.001647,68669,89700,0.435422,0.333333,1,21.85,0.003333,0.072833,0,0,0.626947,3,1,0.333333,0,0,lucene,2,org.apache.lucene.util.StringHelper,2,1,0,2,5,1,2,0,1,2,36,0,0,0,0.5,0,0,17,4,2,0,0
java\org\apache\lucene\store\RAMInputStream.java,2,0,2,0,,,2,100,22.742476,98.550728,1,0.5,1,50,0,0,0,0,0,0,0,0,0,0,0,0,0,0,1,0,0,,0,0,1,100,0.668896,100,0,,0,,2,0.668896,0.000776,1,1,0.334448,0.334448,0,1,0.009265,1.310293,0.995533,0.191273,69738,89401,0.428748,0.334448,2,34.166668,0.006667,0.113889,32.833332,0.036849,0.221926,2,1,0.5,0,0,lucene,2,org.apache.lucene.store.RAMInputStream,5,3,0,3,8,2,1,2,5,0.666666667,93,1,1,0.84,0.36,1,5,17,3,1.2,2,1
java\org\apache\lucene\search\Searcher.java,57,158,3192,4.949875,,,3,5.263158,59.866222,20.693642,1517,0.475251,360,11.278195,0,0,0,0,0,0,0,0,0,0,0,0,0,0,11,4,110,3.636364,,,7,63.636364,53.846153,48.640484,53,0.481818,17.5,15.909091,57,19.063545,0.022127,11,48,3.67893,16.053513,0.049499,1596,0.213174,30.147369,-1.284321,-0.246758,45305,81061,0.659971,0.368858,18.916666,90.750023,0.063056,0.3025,1700.290527,1.908252,4.460767,51.432205,0.902319,0.041125,0.183564,0.306553,lucene,2,org.apache.lucene.search.Searcher,23,1,3,34,28,247,24,13,22,0.909090909,131,1,1,0,0.273913043,0,0,4.652173913,1,0.9565,1,1
java\org\apache\lucene\analysis\Analyzer.java,13,11,156,7.051282,,,3,23.076923,42.474915,62.871288,72.5,0.464744,6,3.846154,0,0,0,0,0,0,0,0,0,0,0,0,0,0,1,0,0,,0,0,1,100,5.685619,100,0,,0,,13,4.347826,0.005047,1,12,0.334448,4.013378,0.070513,78,0.029949,4.235482,1.976636,0.379774,64957,89103,0.460304,0.335567,2.5,47.999996,0.008333,0.16,89.166664,0.100073,2.568538,11.461538,0.881657,0.107314,0.04223,0.152551,lucene,2,org.apache.lucene.analysis.Analyzer,3,1,6,13,4,3,12,1,3,2,8,0,0,0,0.666666667,0,0,1.666666667,1,0.6667,0,0
java\org\apache\lucene\search\DisjunctionSumScorer.java,4,2,12,16.666666,,,2,50,12.374582,66.071426,5,0.416667,1.5,12.5,0,0,0,0,0,0,0,0,0,0,0,0,0,0,3,1,6,16.666666,,,2,66.666664,12.374582,77.083336,2.5,0.416667,0,0,4,1.337793,0.001553,3,1,1.003345,0.334448,0.166667,6,0.002468,0.34903,3.474943,0.667646,89401,80243,0.334448,0.372618,10.711905,2,0.035706,0.006667,1.2,0.001347,0.071463,3,0.75,0.292927,0.006931,0.079893,lucene,2,org.apache.lucene.search.DisjunctionSumScorer,10,2,1,6,34,1,3,4,8,0.46031746,288,1,1,0.5,0.5,1,3,27.1,1,0.8,1,1
java\org\apache\lucene\index\TermBuffer.java,4,4,12,33.333332,,,1,25,35.785954,84.251968,4,0.333333,0,0,0,0,0,0,0,0,0,0,0,0,0,0,0,0,3,1,6,16.666666,,,2,66.666664,35.451504,88.333336,2.5,0.416667,0,0,4,1.337793,0.001553,3,1,1.003345,0.334448,0.333333,6,0.014662,2.073512,-1.162713,-0.223394,66963,87016,0.446515,0.343615,6.833333,18.583332,0.022778,0.061944,0,0,0.027536,2,0.5,0.334926,0.001313,0.156926,lucene,2,org.apache.lucene.index.TermBuffer,11,1,0,4,25,0,1,3,6,0.52,241,1,1,0,0.242857143,0,0,20.45454545,3,1.4545,0,0
java\org\apache\lucene\store\BufferedIndexOutput.java,2,0,2,0,,,2,100,6.688963,95.238098,1,0.5,0,0,0,0,0,0,0,0,0,0,0,0,0,0,0,0,0,0,0,0,0,0,0,0,0,0,0,0,0,0,2,0.668896,0.000776,0,2,0,0.668896,0,1,0.00248,0.350755,-0.261268,-0.050198,42249,89700,0.707709,0.333333,1,52.504734,0.003333,0.175016,0,0,0.008337,2,1,0.5,0,0,lucene,2,org.apache.lucene.store.BufferedIndexOutput,9,2,2,3,11,8,2,1,8,0.5,175,0.75,0,0.619047619,0.333333333,1,3,18,1,0.8889,2,1
java\org\apache\lucene\index\TermVectorOffsetInfo.java,5,3,20,15,,,2,40,7.023411,65.625,8.5,0.425,0,0,0,0,0,0,0,0,0,0,0,0,0,0,0,0,0,0,0,0,0,0,0,0,0,0,0,0,0,0,5,1.672241,0.001941,0,5,0,1.672241,0.15,10,0.00304,0.42997,-0.004213,-0.00081,65034,89700,0.45976,0.333333,1,33.083347,0.003333,0.110278,0,0,0.101336,3.8,0.76,0.302146,0.026845,0.216111,lucene,2,org.apache.lucene.index.TermVectorOffsetInfo,9,1,0,7,10,2,7,0,8,0.666666667,83,0.666666667,1,0,0.5,1,1,7.888888889,5,1.1111,0,0
java\org\apache\lucene\document\Field.java,64,77,4032,1.909722,,,1,1.5625,50.836121,19.895288,1977.5,0.490451,0,0,0,0,0,0,0,0,0,0,0,0,0,0,0,0,0,0,0,0,0,0,0,0,0,0,0,0,0,0,64,21.404682,0.024845,0,64,0,21.404682,0.019097,2016,0.219813,31.086185,-0.99065,-0.190335,40289,89700,0.742138,0.333333,1,99.916656,0.003333,0.333056,0,0,4.466109,61.59375,0.962402,0.03085,0.281881,0.15318,lucene,2,org.apache.lucene.document.Field,23,1,0,9,34,93,6,3,22,0.704545455,726,1,0,0,0.198067633,0,0,30.04347826,17,1.8261,1,1
java\org\apache\lucene\analysis\KeywordAnalyzer.java,1,0,0,,0,0,1,100,1.003345,100,0,,0,,0,0,0,0,0,0,0,0,0,0,0,0,0,0,1,0,0,,0,0,1,100,1.003345,100,0,,0,,1,0.334448,0.000388,1,0,0.334448,0,,0,0.000017,0.002341,2.975559,0.571698,89700,88805,0.333333,0.336693,3,1,0.01,0.003333,0,0,0,1,1,1,1,0,lucene,2,org.apache.lucene.analysis.KeywordAnalyzer,2,2,0,3,4,1,0,3,2,2,10,0,0,0.666666667,0.666666667,0,0,4,1,0.5,0,0
java\org\apache\lucene\store\FSDirectory.java,0,0,0,0,0,0,0,0,0,0,0,0,0,0,0,0,0,0,0,0,0,0,0,0,0,0,0,0,0,0,0,0,0,0,0,0,0,0,0,0,0,0,0,0,0,0,0,0,0,,0,0,0,-0.000187,-0.000036,89700,89700,0.333333,0.333333,1,1,0.003333,0.003333,0,0,0,0,0,0,,0,lucene,2,org.apache.lucene.store.FSDirectory,26,2,1,13,80,53,6,8,18,0.854545455,938,0.818181818,0,0.314285714,0.296,0,0,34.65384615,2,1,14,1
java\org\apache\lucene\search\BooleanClause.java,5,9,20,45,,,1,20,28.762543,60.139858,5.5,0.275,0,0,0,0,0,0,0,0,0,0,0,0,0,0,0,0,1,0,0,,0,0,1,100,19.397993,100,0,,0,,5,1.672241,0.001941,1,5,0.334448,1.672241,0.45,10,0.021146,2.99054,-1.427847,-0.274334,45493,81087,0.657244,0.36874,11.499998,56.233341,0.038333,0.187444,0,0,0.00622,2.166667,0.433333,0.29832,0.136874,0.158768,lucene,2,org.apache.lucene.search.BooleanClause,10,1,0,7,18,0,6,2,10,0.333333333,107,1,2,0,0.375,1,1,9.5,4,1.4,1,1
